instance,set,n_customers,seed,cost,optimal,gap,n_routes,k_reference,init_cost,init_gap,iterations,runtime,time_to_best,iter_to_best,time_limit,stop_reason,param,value
E-n33-k4,E,32,1,835,835.0,0.0,4,4,868,3.9520958083832336,23691,10.000081791018602,0.02683254104340449,58,10.0,time_limit,baseline,-
E-n33-k4,E,32,2,835,835.0,0.0,4,4,895,7.18562874251497,24009,10.000114790978841,0.05377900000894442,128,10.0,time_limit,baseline,-
E-n33-k4,E,32,3,835,835.0,0.0,4,4,866,3.712574850299401,23460,10.001456166035496,0.08263850002549589,185,10.0,time_limit,baseline,-
E-n33-k4,E,32,4,835,835.0,0.0,4,4,856,2.5149700598802394,23103,10.000330125039909,0.011089292005635798,28,10.0,time_limit,baseline,-
E-n33-k4,E,32,5,835,835.0,0.0,4,4,867,3.8323353293413174,23465,10.000105499988422,0.012848749989643693,19,10.0,time_limit,baseline,-
E-n76-k8,E,75,1,735,735.0,0.0,8,8,766,4.217687074829932,7517,10.000427542021498,6.903164833027404,5223,10.0,time_limit,baseline,-
E-n76-k8,E,75,2,735,735.0,0.0,8,8,805,9.523809523809524,7629,10.000007624970749,8.485873666999396,6540,10.0,time_limit,baseline,-
E-n76-k8,E,75,3,736,735.0,0.1360544217687075,8,8,790,7.482993197278912,7699,10.000536834006198,5.940972416952718,4674,10.0,time_limit,baseline,-
E-n76-k8,E,75,4,736,735.0,0.1360544217687075,8,8,778,5.850340136054422,7925,10.000285374990199,4.111230082984548,3247,10.0,time_limit,baseline,-
E-n76-k8,E,75,5,736,735.0,0.1360544217687075,8,8,789,7.346938775510204,7969,10.000917624973226,9.251827666012105,7392,10.0,time_limit,baseline,-
E-n101-k14,E,100,1,1071,1067.0,0.37488284910965325,14,14,1130,5.904404873477039,5165,10.002553750004154,9.100531290983781,4735,10.0,time_limit,baseline,-
E-n101-k14,E,100,2,1082,1067.0,1.4058106841611997,14,14,1128,5.716963448922212,4906,10.000526332994923,5.794082541018724,2977,10.0,time_limit,baseline,-
E-n101-k14,E,100,3,1079,1067.0,1.1246485473289598,14,14,1132,6.091846298031865,5040,10.000845916976687,6.9516583329532295,3555,10.0,time_limit,baseline,-
E-n101-k14,E,100,4,1080,1067.0,1.218369259606373,14,14,1164,9.090909090909092,4955,10.00057537498651,7.181410207995214,3653,10.0,time_limit,baseline,-
E-n101-k14,E,100,5,1080,1067.0,1.218369259606373,14,14,1130,5.904404873477039,5082,10.001453917007893,7.395069833029993,3790,10.0,time_limit,baseline,-
F-n72-k4,F,71,1,237,237.0,0.0,4,4,250,5.485232067510548,8626,10.000652250018902,0.012414917000569403,15,10.0,time_limit,baseline,-
F-n72-k4,F,71,2,237,237.0,0.0,4,4,264,11.39240506329114,8826,10.00009633298032,0.14720333297736943,112,10.0,time_limit,baseline,-
F-n72-k4,F,71,3,237,237.0,0.0,4,4,264,11.39240506329114,8822,10.002688250038773,0.26925166603177786,226,10.0,time_limit,baseline,-
F-n72-k4,F,71,4,237,237.0,0.0,4,4,250,5.485232067510548,8711,10.000194500025827,0.3435065830126405,314,10.0,time_limit,baseline,-
F-n72-k4,F,71,5,237,237.0,0.0,4,4,253,6.751054852320675,8694,10.000222374976147,0.3909411249915138,374,10.0,time_limit,baseline,-
M-n121-k7,M,120,1,1036,1034.0,0.19342359767891681,7,7,1039,0.4835589941972921,3441,10.003537333977874,4.861489124945365,1764,10.0,time_limit,baseline,-
M-n121-k7,M,120,2,1036,1034.0,0.19342359767891681,7,7,1051,1.644100580270793,3609,10.000550249998923,6.243693750002421,2304,10.0,time_limit,baseline,-
M-n121-k7,M,120,3,1035,1034.0,0.09671179883945841,7,7,1049,1.4506769825918762,3608,10.007973709027283,9.753485375025775,3527,10.0,time_limit,baseline,-
M-n121-k7,M,120,4,1036,1034.0,0.19342359767891681,7,7,1048,1.3539651837524178,3548,10.000470916973427,8.581722749979235,3066,10.0,time_limit,baseline,-
M-n121-k7,M,120,5,1037,1034.0,0.2901353965183752,7,7,1043,0.8704061895551257,3533,10.003535291994922,1.0838597919791937,434,10.0,time_limit,baseline,-
M-n200-k17,M,199,1,1297,1275.0,1.7254901960784315,17,17,1410,10.588235294117647,2729,10.001636417000555,9.813780000025872,2679,10.0,time_limit,baseline,-
M-n200-k17,M,199,2,1309,1275.0,2.6666666666666665,17,17,1429,12.07843137254902,2557,10.00165766698774,7.300708791997749,1911,10.0,time_limit,baseline,-
M-n200-k17,M,199,3,1309,1275.0,2.6666666666666665,17,17,1370,7.450980392156863,2725,10.001076541026123,10.00107408297481,2725,10.0,time_limit,baseline,-
M-n200-k17,M,199,4,1294,1275.0,1.4901960784313726,17,17,1397,9.568627450980392,2746,10.004327875038143,8.297476875013672,2359,10.0,time_limit,baseline,-
M-n200-k17,M,199,5,1295,1275.0,1.5686274509803921,17,17,1404,10.117647058823529,2684,10.001401917019393,9.681946041993797,2597,10.0,time_limit,baseline,-
P-n45-k5,P,44,1,510,510.0,0.0,5,5,556,9.019607843137255,17579,10.000090458022896,0.034826708026230335,45,10.0,time_limit,baseline,-
P-n45-k5,P,44,2,510,510.0,0.0,5,5,560,9.803921568627452,17951,10.000625082990155,0.06721195799764246,157,10.0,time_limit,baseline,-
P-n45-k5,P,44,3,510,510.0,0.0,5,5,561,10.0,17925,10.000057499972172,0.026979624992236495,29,10.0,time_limit,baseline,-
P-n45-k5,P,44,4,510,510.0,0.0,5,5,525,2.9411764705882355,17543,10.000224167015404,0.03245666704606265,43,10.0,time_limit,baseline,-
P-n45-k5,P,44,5,510,510.0,0.0,5,5,523,2.549019607843137,17530,10.000790624995716,0.060973791987635195,92,10.0,time_limit,baseline,-
P-n65-k10,P,64,1,792,792.0,0.0,10,10,840,6.0606060606060606,10133,10.003580124990549,2.0757104590302333,2098,10.0,time_limit,baseline,-
P-n65-k10,P,64,2,792,792.0,0.0,10,10,837,5.681818181818182,10422,10.000285000016447,0.9295829170150682,974,10.0,time_limit,baseline,-
P-n65-k10,P,64,3,792,792.0,0.0,10,10,833,5.1767676767676765,10281,10.002598957973532,1.5452838749624789,1611,10.0,time_limit,baseline,-
P-n65-k10,P,64,4,792,792.0,0.0,10,10,854,7.828282828282828,10335,10.002798000001349,2.7693146669771522,2917,10.0,time_limit,baseline,-
P-n65-k10,P,64,5,792,792.0,0.0,10,10,852,7.575757575757576,10573,10.001856708026025,3.1432790409890004,3418,10.0,time_limit,baseline,-
P-n101-k4,P,100,1,681,681.0,0.0,4,4,736,8.076358296622614,5340,10.004862291039899,1.0614462080411613,585,10.0,time_limit,baseline,-
P-n101-k4,P,100,2,681,681.0,0.0,4,4,706,3.671071953010279,5071,10.001866375037935,0.7997314580134116,407,10.0,time_limit,baseline,-
P-n101-k4,P,100,3,681,681.0,0.0,4,4,698,2.4963289280469896,5249,10.003850249981042,1.07574466598453,598,10.0,time_limit,baseline,-
P-n101-k4,P,100,4,681,681.0,0.0,4,4,717,5.286343612334802,5193,10.00174929201603,4.486402083013672,2300,10.0,time_limit,baseline,-
P-n101-k4,P,100,5,682,681.0,0.14684287812041116,4,4,735,7.929515418502203,5216,10.000994374975562,1.7222344590118155,811,10.0,time_limit,baseline,-
E-n33-k4,E,32,1,835,835.0,0.0,4,4,876,4.910179640718563,40147,10.000004458997864,0.10824437503470108,460,10.0,time_limit,n_neighbors,8
E-n33-k4,E,32,2,835,835.0,0.0,4,4,895,7.18562874251497,39960,10.000030291033909,0.0500190409948118,179,10.0,time_limit,n_neighbors,8
E-n33-k4,E,32,3,835,835.0,0.0,4,4,867,3.8323353293413174,39612,10.000129499996547,0.06892162497388199,270,10.0,time_limit,n_neighbors,8
E-n33-k4,E,32,4,835,835.0,0.0,4,4,860,2.9940119760479043,38897,10.000137707975227,0.06638562498847023,273,10.0,time_limit,n_neighbors,8
E-n33-k4,E,32,5,835,835.0,0.0,4,4,868,3.9520958083832336,40096,10.000987791048829,0.13895087502896786,589,10.0,time_limit,n_neighbors,8
E-n76-k8,E,75,1,736,735.0,0.1360544217687075,8,8,760,3.401360544217687,13446,10.000735750014428,2.421062499983236,3392,10.0,time_limit,n_neighbors,8
E-n76-k8,E,75,2,736,735.0,0.1360544217687075,8,8,805,9.523809523809524,13524,10.00103158300044,9.871202582959086,13355,10.0,time_limit,n_neighbors,8
E-n76-k8,E,75,3,735,735.0,0.0,8,8,790,7.482993197278912,14009,10.00068795797415,6.029900582972914,8734,10.0,time_limit,n_neighbors,8
E-n76-k8,E,75,4,736,735.0,0.1360544217687075,8,8,778,5.850340136054422,13281,10.000057415978517,3.6430099999997765,4858,10.0,time_limit,n_neighbors,8
E-n76-k8,E,75,5,735,735.0,0.0,8,8,789,7.346938775510204,13323,10.000467917008791,5.795508584007621,8026,10.0,time_limit,n_neighbors,8
E-n101-k14,E,100,1,1080,1067.0,1.218369259606373,14,14,1130,5.904404873477039,8156,10.000951374997385,9.530877291981596,7747,10.0,time_limit,n_neighbors,8
E-n101-k14,E,100,2,1084,1067.0,1.5932521087160263,14,14,1131,5.998125585754452,8164,10.0009821660351,8.196382499998435,6811,10.0,time_limit,n_neighbors,8
E-n101-k14,E,100,3,1079,1067.0,1.1246485473289598,14,14,1132,6.091846298031865,8042,10.003026790975127,8.469377125031315,6799,10.0,time_limit,n_neighbors,8
E-n101-k14,E,100,4,1082,1067.0,1.4058106841611997,14,14,1164,9.090909090909092,8112,10.00015145901125,9.712580041959882,7899,10.0,time_limit,n_neighbors,8
E-n101-k14,E,100,5,1079,1067.0,1.1246485473289598,14,14,1131,5.998125585754452,8233,10.001696249993984,9.562512458011042,7869,10.0,time_limit,n_neighbors,8
F-n72-k4,F,71,1,237,237.0,0.0,4,4,254,7.172995780590718,13994,10.000652874994557,1.3316356249852106,1734,10.0,time_limit,n_neighbors,8
F-n72-k4,F,71,2,237,237.0,0.0,4,4,264,11.39240506329114,14052,10.000223832961638,0.2693694169865921,420,10.0,time_limit,n_neighbors,8
F-n72-k4,F,71,3,237,237.0,0.0,4,4,264,11.39240506329114,14099,10.000743041979149,0.19612137496005744,293,10.0,time_limit,n_neighbors,8
F-n72-k4,F,71,4,237,237.0,0.0,4,4,250,5.485232067510548,14205,10.000346084008925,0.1309940840001218,175,10.0,time_limit,n_neighbors,8
F-n72-k4,F,71,5,237,237.0,0.0,4,4,253,6.751054852320675,13923,10.000536957988515,1.3065605409792624,1864,10.0,time_limit,n_neighbors,8
M-n121-k7,M,120,1,1036,1034.0,0.19342359767891681,7,7,1043,0.8704061895551257,4834,10.006275666004512,5.111056333000306,2507,10.0,time_limit,n_neighbors,8
M-n121-k7,M,120,2,1035,1034.0,0.09671179883945841,7,7,1062,2.7079303675048356,4666,10.010734999959823,4.6617907919571735,2294,10.0,time_limit,n_neighbors,8
M-n121-k7,M,120,3,1035,1034.0,0.09671179883945841,7,7,1052,1.7408123791102514,4623,10.00384454097366,4.33175420796033,2257,10.0,time_limit,n_neighbors,8
M-n121-k7,M,120,4,1035,1034.0,0.09671179883945841,7,7,1051,1.644100580270793,4883,10.003170541021973,7.018514249997679,3466,10.0,time_limit,n_neighbors,8
M-n121-k7,M,120,5,1035,1034.0,0.09671179883945841,7,7,1043,0.8704061895551257,4778,10.002221292001195,4.661088416993152,2397,10.0,time_limit,n_neighbors,8
M-n200-k17,M,199,1,1309,1275.0,2.6666666666666665,17,17,1404,10.117647058823529,4336,10.001452624972444,7.1212169579812326,3197,10.0,time_limit,n_neighbors,8
M-n200-k17,M,199,2,1299,1275.0,1.8823529411764706,17,17,1438,12.784313725490197,4588,10.000261417008005,7.32209666701965,3448,10.0,time_limit,n_neighbors,8
M-n200-k17,M,199,3,1301,1275.0,2.0392156862745097,17,17,1371,7.529411764705882,4305,10.000219375011511,9.18757587496657,3966,10.0,time_limit,n_neighbors,8
M-n200-k17,M,199,4,1294,1275.0,1.4901960784313726,17,17,1406,10.27450980392157,4227,10.005379290960263,9.536614499986172,4058,10.0,time_limit,n_neighbors,8
M-n200-k17,M,199,5,1302,1275.0,2.1176470588235294,17,17,1409,10.509803921568627,4475,10.001587624952663,9.214554249949288,4144,10.0,time_limit,n_neighbors,8
P-n45-k5,P,44,1,510,510.0,0.0,5,5,556,9.019607843137255,32279,10.000004416971933,0.09142674994654953,265,10.0,time_limit,n_neighbors,8
P-n45-k5,P,44,2,510,510.0,0.0,5,5,560,9.803921568627452,32376,10.00000237498898,0.13640920800389722,382,10.0,time_limit,n_neighbors,8
P-n45-k5,P,44,3,510,510.0,0.0,5,5,561,10.0,33073,10.000227415992413,0.0144084999919869,43,10.0,time_limit,n_neighbors,8
P-n45-k5,P,44,4,510,510.0,0.0,5,5,525,2.9411764705882355,32485,10.000071957998443,0.21282608300680295,637,10.0,time_limit,n_neighbors,8
P-n45-k5,P,44,5,510,510.0,0.0,5,5,526,3.1372549019607843,32226,10.000099209020846,0.014286666992120445,28,10.0,time_limit,n_neighbors,8
P-n65-k10,P,64,1,792,792.0,0.0,10,10,842,6.313131313131313,18782,10.000909666006919,3.3956053750007413,6175,10.0,time_limit,n_neighbors,8
P-n65-k10,P,64,2,792,792.0,0.0,10,10,843,6.4393939393939394,18595,10.000014833000023,2.3303275409853086,4188,10.0,time_limit,n_neighbors,8
P-n65-k10,P,64,3,792,792.0,0.0,10,10,833,5.1767676767676765,18747,10.000012541015167,2.963272708002478,5483,10.0,time_limit,n_neighbors,8
P-n65-k10,P,64,4,792,792.0,0.0,10,10,854,7.828282828282828,18552,10.000124500016682,2.7509311250178143,5030,10.0,time_limit,n_neighbors,8
P-n65-k10,P,64,5,792,792.0,0.0,10,10,852,7.575757575757576,18847,10.000081624952145,3.39560879196506,6260,10.0,time_limit,n_neighbors,8
P-n101-k4,P,100,1,681,681.0,0.0,4,4,736,8.076358296622614,8998,10.001908583042677,4.908079292043112,4339,10.0,time_limit,n_neighbors,8
P-n101-k4,P,100,2,681,681.0,0.0,4,4,706,3.671071953010279,8877,10.000213749997783,2.579299875011202,2326,10.0,time_limit,n_neighbors,8
P-n101-k4,P,100,3,681,681.0,0.0,4,4,701,2.9368575624082234,8928,10.006208166945726,1.4471471669967286,1411,10.0,time_limit,n_neighbors,8
P-n101-k4,P,100,4,681,681.0,0.0,4,4,732,7.488986784140969,8994,10.000258957967162,2.8651112079969607,2511,10.0,time_limit,n_neighbors,8
P-n101-k4,P,100,5,681,681.0,0.0,4,4,723,6.167400881057269,9123,10.003743709006812,3.3737565000192262,3131,10.0,time_limit,n_neighbors,8
E-n33-k4,E,32,1,835,835.0,0.0,4,4,868,3.9520958083832336,32817,10.000526790972799,0.004489832965191454,19,10.0,time_limit,n_neighbors,12
E-n33-k4,E,32,2,835,835.0,0.0,4,4,895,7.18562874251497,33343,10.000126875005662,0.00676033302443102,13,10.0,time_limit,n_neighbors,12
E-n33-k4,E,32,3,835,835.0,0.0,4,4,866,3.712574850299401,33106,10.000229040975682,0.07353316596709192,226,10.0,time_limit,n_neighbors,12
E-n33-k4,E,32,4,835,835.0,0.0,4,4,858,2.754491017964072,33581,10.000044082989916,0.052592916996218264,198,10.0,time_limit,n_neighbors,12
E-n33-k4,E,32,5,835,835.0,0.0,4,4,867,3.8323353293413174,33668,10.000800042005721,0.04163220804184675,162,10.0,time_limit,n_neighbors,12
E-n76-k8,E,75,1,736,735.0,0.1360544217687075,8,8,766,4.217687074829932,11580,10.000554500031285,8.001051041996107,9305,10.0,time_limit,n_neighbors,12
E-n76-k8,E,75,2,735,735.0,0.0,8,8,805,9.523809523809524,11241,10.00062720803544,5.016606707999017,5715,10.0,time_limit,n_neighbors,12
E-n76-k8,E,75,3,735,735.0,0.0,8,8,790,7.482993197278912,11295,10.001829624990933,4.525401458027773,5318,10.0,time_limit,n_neighbors,12
E-n76-k8,E,75,4,735,735.0,0.0,8,8,778,5.850340136054422,11481,10.000590957992245,7.309417417040095,8601,10.0,time_limit,n_neighbors,12
E-n76-k8,E,75,5,736,735.0,0.1360544217687075,8,8,789,7.346938775510204,11678,10.000334792013746,3.387098082981538,3795,10.0,time_limit,n_neighbors,12
E-n101-k14,E,100,1,1082,1067.0,1.4058106841611997,14,14,1130,5.904404873477039,7181,10.002130166976713,6.33622691698838,4570,10.0,time_limit,n_neighbors,12
E-n101-k14,E,100,2,1078,1067.0,1.0309278350515463,14,14,1128,5.716963448922212,7385,10.000845333037432,5.9662685000221245,4411,10.0,time_limit,n_neighbors,12
E-n101-k14,E,100,3,1080,1067.0,1.218369259606373,14,14,1132,6.091846298031865,7177,10.002289166965056,9.331001207989175,6774,10.0,time_limit,n_neighbors,12
E-n101-k14,E,100,4,1079,1067.0,1.1246485473289598,14,14,1164,9.090909090909092,7446,10.000904499960598,6.58860304200789,4869,10.0,time_limit,n_neighbors,12
E-n101-k14,E,100,5,1078,1067.0,1.0309278350515463,14,14,1127,5.623242736644799,7181,10.000133791996632,9.510601625021081,6829,10.0,time_limit,n_neighbors,12
F-n72-k4,F,71,1,237,237.0,0.0,4,4,250,5.485232067510548,12474,10.000048417015933,0.00707308400887996,9,10.0,time_limit,n_neighbors,12
F-n72-k4,F,71,2,237,237.0,0.0,4,4,264,11.39240506329114,12699,10.000926874985453,1.7278673329856247,2367,10.0,time_limit,n_neighbors,12
F-n72-k4,F,71,3,237,237.0,0.0,4,4,264,11.39240506329114,12725,10.000097124953754,0.18298508395673707,214,10.0,time_limit,n_neighbors,12
F-n72-k4,F,71,4,237,237.0,0.0,4,4,250,5.485232067510548,12673,10.000153750006575,0.12397058302303776,128,10.0,time_limit,n_neighbors,12
F-n72-k4,F,71,5,237,237.0,0.0,4,4,253,6.751054852320675,12542,10.000154500012286,0.3214079170138575,442,10.0,time_limit,n_neighbors,12
M-n121-k7,M,120,1,1036,1034.0,0.19342359767891681,7,7,1039,0.4835589941972921,4409,10.000840291031636,5.887624041002709,2700,10.0,time_limit,n_neighbors,12
M-n121-k7,M,120,2,1036,1034.0,0.19342359767891681,7,7,1051,1.644100580270793,4121,10.006645250017755,0.8906051249941811,473,10.0,time_limit,n_neighbors,12
M-n121-k7,M,120,3,1037,1034.0,0.2901353965183752,7,7,1048,1.3539651837524178,4524,10.001919833011925,1.9308992910082452,993,10.0,time_limit,n_neighbors,12
M-n121-k7,M,120,4,1035,1034.0,0.09671179883945841,7,7,1048,1.3539651837524178,4244,10.001885875011794,3.94429349998245,1818,10.0,time_limit,n_neighbors,12
M-n121-k7,M,120,5,1035,1034.0,0.09671179883945841,7,7,1041,0.6769825918762089,4284,10.005705458985176,6.917274500010535,2952,10.0,time_limit,n_neighbors,12
M-n200-k17,M,199,1,1299,1275.0,1.8823529411764706,17,17,1404,10.117647058823529,3970,10.005927207996137,7.283795542025473,2981,10.0,time_limit,n_neighbors,12
M-n200-k17,M,199,2,1303,1275.0,2.196078431372549,17,17,1437,12.705882352941176,3935,10.001453333999962,8.059187125007156,3194,10.0,time_limit,n_neighbors,12
M-n200-k17,M,199,3,1292,1275.0,1.3333333333333333,17,17,1370,7.450980392156863,3790,10.002769624989014,7.259239042003173,2760,10.0,time_limit,n_neighbors,12
M-n200-k17,M,199,4,1306,1275.0,2.4313725490196076,17,17,1397,9.568627450980392,3864,10.001423667010386,5.511270834016614,2259,10.0,time_limit,n_neighbors,12
M-n200-k17,M,199,5,1305,1275.0,2.3529411764705883,17,17,1404,10.117647058823529,3757,10.000399499956984,7.2796732079586945,2909,10.0,time_limit,n_neighbors,12
P-n45-k5,P,44,1,510,510.0,0.0,5,5,556,9.019607843137255,26098,10.000013042008504,0.08741641702363268,227,10.0,time_limit,n_neighbors,12
P-n45-k5,P,44,2,510,510.0,0.0,5,5,560,9.803921568627452,25772,10.000882666965481,0.034959583019372076,80,10.0,time_limit,n_neighbors,12
P-n45-k5,P,44,3,510,510.0,0.0,5,5,561,10.0,25663,10.000391917012166,0.1629355000331998,458,10.0,time_limit,n_neighbors,12
P-n45-k5,P,44,4,510,510.0,0.0,5,5,525,2.9411764705882355,26495,10.000518499989994,0.008978582976851612,17,10.0,time_limit,n_neighbors,12
P-n45-k5,P,44,5,510,510.0,0.0,5,5,526,3.1372549019607843,25602,10.000428166997153,0.21963516698451713,560,10.0,time_limit,n_neighbors,12
P-n65-k10,P,64,1,792,792.0,0.0,10,10,840,6.0606060606060606,15098,10.00018125004135,3.0255176670034416,4650,10.0,time_limit,n_neighbors,12
P-n65-k10,P,64,2,792,792.0,0.0,10,10,843,6.4393939393939394,15220,10.000729040999431,0.9083286250242963,1306,10.0,time_limit,n_neighbors,12
P-n65-k10,P,64,3,792,792.0,0.0,10,10,833,5.1767676767676765,15099,10.000301041989587,1.3461852089967579,1936,10.0,time_limit,n_neighbors,12
P-n65-k10,P,64,4,792,792.0,0.0,10,10,854,7.828282828282828,15303,10.000438750023022,0.9201225410215557,1360,10.0,time_limit,n_neighbors,12
P-n65-k10,P,64,5,792,792.0,0.0,10,10,852,7.575757575757576,15400,10.000132833025418,2.670397999987472,4083,10.0,time_limit,n_neighbors,12
P-n101-k4,P,100,1,681,681.0,0.0,4,4,736,8.076358296622614,7472,10.000866249960382,4.577587666979525,3468,10.0,time_limit,n_neighbors,12
P-n101-k4,P,100,2,681,681.0,0.0,4,4,706,3.671071953010279,7636,10.000104334030766,1.9934077090001665,1501,10.0,time_limit,n_neighbors,12
P-n101-k4,P,100,3,681,681.0,0.0,4,4,701,2.9368575624082234,7541,10.001547624997329,3.5002407919964753,2629,10.0,time_limit,n_neighbors,12
P-n101-k4,P,100,4,681,681.0,0.0,4,4,717,5.286343612334802,7723,10.00071570801083,2.703540457994677,2054,10.0,time_limit,n_neighbors,12
P-n101-k4,P,100,5,681,681.0,0.0,4,4,720,5.726872246696035,7626,10.000372708018404,3.176464541000314,2357,10.0,time_limit,n_neighbors,12
E-n33-k4,E,32,1,835,835.0,0.0,4,4,868,3.9520958083832336,18253,10.00037683401024,0.03064612502930686,50,10.0,time_limit,n_neighbors,30
E-n33-k4,E,32,2,835,835.0,0.0,4,4,893,6.946107784431137,18624,10.00045712501742,0.01118287502322346,24,10.0,time_limit,n_neighbors,30
E-n33-k4,E,32,3,835,835.0,0.0,4,4,866,3.712574850299401,18383,10.000736374990083,0.15364995796699077,283,10.0,time_limit,n_neighbors,30
E-n33-k4,E,32,4,835,835.0,0.0,4,4,856,2.5149700598802394,18414,10.002065666019917,0.22897266602376476,446,10.0,time_limit,n_neighbors,30
E-n33-k4,E,32,5,835,835.0,0.0,4,4,867,3.8323353293413174,18488,10.000614915974438,0.0369326249929145,62,10.0,time_limit,n_neighbors,30
E-n76-k8,E,75,1,736,735.0,0.1360544217687075,8,8,766,4.217687074829932,5873,10.005235459015239,5.145821292011533,3187,10.0,time_limit,n_neighbors,30
E-n76-k8,E,75,2,736,735.0,0.1360544217687075,8,8,805,9.523809523809524,6054,10.001459249993786,5.255371915991418,3183,10.0,time_limit,n_neighbors,30
E-n76-k8,E,75,3,736,735.0,0.1360544217687075,8,8,790,7.482993197278912,6079,10.000351708964445,6.2196602919721045,3861,10.0,time_limit,n_neighbors,30
E-n76-k8,E,75,4,735,735.0,0.0,8,8,778,5.850340136054422,6109,10.00085054099327,3.657679875032045,2244,10.0,time_limit,n_neighbors,30
E-n76-k8,E,75,5,736,735.0,0.1360544217687075,8,8,789,7.346938775510204,5999,10.001196665980387,6.585554082994349,4050,10.0,time_limit,n_neighbors,30
E-n101-k14,E,100,1,1079,1067.0,1.1246485473289598,14,14,1130,5.904404873477039,3774,10.00265074998606,6.9343912079930305,2652,10.0,time_limit,n_neighbors,30
E-n101-k14,E,100,2,1080,1067.0,1.218369259606373,14,14,1128,5.716963448922212,3819,10.008290249970742,7.885370249976404,3048,10.0,time_limit,n_neighbors,30
E-n101-k14,E,100,3,1075,1067.0,0.7497656982193065,14,14,1132,6.091846298031865,3908,10.003258291981183,9.737177457951475,3804,10.0,time_limit,n_neighbors,30
E-n101-k14,E,100,4,1067,1067.0,0.0,14,14,1164,9.090909090909092,3837,10.000376708980184,5.017948916996829,1936,10.0,time_limit,n_neighbors,30
E-n101-k14,E,100,5,1071,1067.0,0.37488284910965325,14,14,1130,5.904404873477039,3866,10.000609042006545,8.514384542009793,3329,10.0,time_limit,n_neighbors,30
F-n72-k4,F,71,1,237,237.0,0.0,4,4,250,5.485232067510548,6658,10.000172082975041,0.11344320798525587,72,10.0,time_limit,n_neighbors,30
F-n72-k4,F,71,2,237,237.0,0.0,4,4,264,11.39240506329114,6706,10.002936292032246,0.6286756250192411,448,10.0,time_limit,n_neighbors,30
F-n72-k4,F,71,3,237,237.0,0.0,4,4,264,11.39240506329114,6639,10.000161291041877,0.11810399999376386,77,10.0,time_limit,n_neighbors,30
F-n72-k4,F,71,4,237,237.0,0.0,4,4,250,5.485232067510548,6728,10.004218083980959,0.26574587501818314,179,10.0,time_limit,n_neighbors,30
F-n72-k4,F,71,5,237,237.0,0.0,4,4,253,6.751054852320675,6704,10.001430792035535,0.033747625013347715,27,10.0,time_limit,n_neighbors,30
M-n121-k7,M,120,1,1036,1034.0,0.19342359767891681,7,7,1039,0.4835589941972921,2775,10.003646249999292,4.359743458975572,1286,10.0,time_limit,n_neighbors,30
M-n121-k7,M,120,2,1036,1034.0,0.19342359767891681,7,7,1051,1.644100580270793,2649,10.001235165982507,5.609047999954782,1521,10.0,time_limit,n_neighbors,30
M-n121-k7,M,120,3,1036,1034.0,0.19342359767891681,7,7,1049,1.4506769825918762,2717,10.005566958978307,5.934399333957117,1663,10.0,time_limit,n_neighbors,30
M-n121-k7,M,120,4,1036,1034.0,0.19342359767891681,7,7,1048,1.3539651837524178,2728,10.001847249979619,7.4510692080366425,2031,10.0,time_limit,n_neighbors,30
M-n121-k7,M,120,5,1036,1034.0,0.19342359767891681,7,7,1043,0.8704061895551257,2695,10.000667207990773,4.554650083009619,1283,10.0,time_limit,n_neighbors,30
M-n200-k17,M,199,1,1306,1275.0,2.4313725490196076,17,17,1410,10.588235294117647,2091,10.000114375026897,9.28616433404386,1950,10.0,time_limit,n_neighbors,30
M-n200-k17,M,199,2,1297,1275.0,1.7254901960784315,17,17,1427,11.92156862745098,2071,10.004216041998006,8.357237041986082,1800,10.0,time_limit,n_neighbors,30
M-n200-k17,M,199,3,1301,1275.0,2.0392156862745097,17,17,1369,7.372549019607843,2100,10.001259082986508,9.74852662498597,2051,10.0,time_limit,n_neighbors,30
M-n200-k17,M,199,4,1301,1275.0,2.0392156862745097,17,17,1397,9.568627450980392,2167,10.013317374978215,9.525177082978189,2082,10.0,time_limit,n_neighbors,30
M-n200-k17,M,199,5,1304,1275.0,2.2745098039215685,17,17,1404,10.117647058823529,2025,10.000100666016806,5.715618166024797,1247,10.0,time_limit,n_neighbors,30
P-n45-k5,P,44,1,510,510.0,0.0,5,5,556,9.019607843137255,13763,10.000179291993845,0.28358591702999547,382,10.0,time_limit,n_neighbors,30
P-n45-k5,P,44,2,510,510.0,0.0,5,5,560,9.803921568627452,13445,10.000443457975052,0.1418460410204716,168,10.0,time_limit,n_neighbors,30
P-n45-k5,P,44,3,510,510.0,0.0,5,5,561,10.0,13538,10.000148999970406,0.1996789169497788,263,10.0,time_limit,n_neighbors,30
P-n45-k5,P,44,4,510,510.0,0.0,5,5,525,2.9411764705882355,13782,10.002296667022165,0.026170749973971397,27,10.0,time_limit,n_neighbors,30
P-n45-k5,P,44,5,510,510.0,0.0,5,5,523,2.549019607843137,13491,10.000513834005687,0.01246983400778845,8,10.0,time_limit,n_neighbors,30
P-n65-k10,P,64,1,792,792.0,0.0,10,10,840,6.0606060606060606,8338,10.000168750004377,1.0356826250208542,913,10.0,time_limit,n_neighbors,30
P-n65-k10,P,64,2,792,792.0,0.0,10,10,837,5.681818181818182,8335,10.00238633400295,1.908622166956775,1600,10.0,time_limit,n_neighbors,30
P-n65-k10,P,64,3,792,792.0,0.0,10,10,833,5.1767676767676765,8377,10.000022707972676,2.7910499999998137,2309,10.0,time_limit,n_neighbors,30
P-n65-k10,P,64,4,792,792.0,0.0,10,10,854,7.828282828282828,8298,10.000222666014452,2.9418891250388697,2417,10.0,time_limit,n_neighbors,30
P-n65-k10,P,64,5,792,792.0,0.0,10,10,852,7.575757575757576,8337,10.000674583017826,4.429554791015107,3773,10.0,time_limit,n_neighbors,30
P-n101-k4,P,100,1,681,681.0,0.0,4,4,736,8.076358296622614,3735,10.000583291985095,2.710680791991763,1027,10.0,time_limit,n_neighbors,30
P-n101-k4,P,100,2,681,681.0,0.0,4,4,706,3.671071953010279,3994,10.001347916026134,2.8534106250153854,1129,10.0,time_limit,n_neighbors,30
P-n101-k4,P,100,3,681,681.0,0.0,4,4,698,2.4963289280469896,3911,10.00554604100762,2.9686222500167787,1182,10.0,time_limit,n_neighbors,30
P-n101-k4,P,100,4,681,681.0,0.0,4,4,717,5.286343612334802,3955,10.000800082983915,1.8163257080013864,673,10.0,time_limit,n_neighbors,30
P-n101-k4,P,100,5,681,681.0,0.0,4,4,736,8.076358296622614,3947,10.002237665990833,7.668537958001252,3021,10.0,time_limit,n_neighbors,30
E-n33-k4,E,32,1,835,835.0,0.0,4,4,868,3.9520958083832336,18149,10.003151667013299,0.034261084045283496,60,10.0,time_limit,n_neighbors,40
E-n33-k4,E,32,2,835,835.0,0.0,4,4,893,6.946107784431137,18113,10.000835167011246,0.04427879204740748,86,10.0,time_limit,n_neighbors,40
E-n33-k4,E,32,3,835,835.0,0.0,4,4,866,3.712574850299401,18139,10.000046417000704,0.1083641669829376,169,10.0,time_limit,n_neighbors,40
E-n33-k4,E,32,4,835,835.0,0.0,4,4,856,2.5149700598802394,18512,10.000336416997015,0.022508041991386563,41,10.0,time_limit,n_neighbors,40
E-n33-k4,E,32,5,835,835.0,0.0,4,4,867,3.8323353293413174,18416,10.000060833001044,0.07681766600580886,119,10.0,time_limit,n_neighbors,40
E-n76-k8,E,75,1,735,735.0,0.0,8,8,766,4.217687074829932,4656,10.001553834008519,6.133135917014442,2966,10.0,time_limit,n_neighbors,40
E-n76-k8,E,75,2,736,735.0,0.1360544217687075,8,8,805,9.523809523809524,4811,10.01013095799135,5.344614500005264,2584,10.0,time_limit,n_neighbors,40
E-n76-k8,E,75,3,736,735.0,0.1360544217687075,8,8,790,7.482993197278912,4977,10.001846291997936,5.907017584017012,2994,10.0,time_limit,n_neighbors,40
E-n76-k8,E,75,4,737,735.0,0.272108843537415,8,8,778,5.850340136054422,4714,10.00045729096746,3.299647957959678,1657,10.0,time_limit,n_neighbors,40
E-n76-k8,E,75,5,735,735.0,0.0,8,8,789,7.346938775510204,4653,10.001237666991074,7.088579833973199,3354,10.0,time_limit,n_neighbors,40
E-n101-k14,E,100,1,1083,1067.0,1.499531396438613,14,14,1130,5.904404873477039,2887,10.00494500005152,8.037624625023454,2341,10.0,time_limit,n_neighbors,40
E-n101-k14,E,100,2,1078,1067.0,1.0309278350515463,14,14,1128,5.716963448922212,2970,10.002033666998614,7.19892404199345,2259,10.0,time_limit,n_neighbors,40
E-n101-k14,E,100,3,1084,1067.0,1.5932521087160263,14,14,1132,6.091846298031865,2989,10.00755558302626,9.772105582989752,2924,10.0,time_limit,n_neighbors,40
E-n101-k14,E,100,4,1072,1067.0,0.46860356138706655,14,14,1148,7.591377694470478,2955,10.001773625030182,9.971133667044342,2948,10.0,time_limit,n_neighbors,40
E-n101-k14,E,100,5,1080,1067.0,1.218369259606373,14,14,1130,5.904404873477039,2950,10.000694791029673,4.665317874983884,1504,10.0,time_limit,n_neighbors,40
F-n72-k4,F,71,1,237,237.0,0.0,4,4,250,5.485232067510548,4955,10.000054957985412,0.028046499995980412,7,10.0,time_limit,n_neighbors,40
F-n72-k4,F,71,2,237,237.0,0.0,4,4,264,11.39240506329114,5067,10.000829958997201,0.056186750007327646,38,10.0,time_limit,n_neighbors,40
F-n72-k4,F,71,3,237,237.0,0.0,4,4,264,11.39240506329114,5082,10.000686541956384,1.1917511249775998,642,10.0,time_limit,n_neighbors,40
F-n72-k4,F,71,4,237,237.0,0.0,4,4,250,5.485232067510548,4861,10.001579832984135,1.0625638329656795,532,10.0,time_limit,n_neighbors,40
F-n72-k4,F,71,5,237,237.0,0.0,4,4,253,6.751054852320675,5077,10.001241417019628,0.32486695901025087,174,10.0,time_limit,n_neighbors,40
M-n121-k7,M,120,1,1036,1034.0,0.19342359767891681,7,7,1039,0.4835589941972921,2262,10.000229957979172,0.8620065409922972,234,10.0,time_limit,n_neighbors,40
M-n121-k7,M,120,2,1041,1034.0,0.6769825918762089,7,7,1051,1.644100580270793,2097,10.000896250014193,3.6875736670335755,873,10.0,time_limit,n_neighbors,40
M-n121-k7,M,120,3,1036,1034.0,0.19342359767891681,7,7,1046,1.1605415860735009,2110,10.002581666980404,5.979787916992791,1321,10.0,time_limit,n_neighbors,40
M-n121-k7,M,120,4,1036,1034.0,0.19342359767891681,7,7,1048,1.3539651837524178,2078,10.001940582995303,4.355235749972053,934,10.0,time_limit,n_neighbors,40
M-n121-k7,M,120,5,1036,1034.0,0.19342359767891681,7,7,1043,0.8704061895551257,2191,10.008638291968964,5.8880648339982145,1279,10.0,time_limit,n_neighbors,40
M-n200-k17,M,199,1,1296,1275.0,1.6470588235294117,17,17,1410,10.588235294117647,1726,10.005661459057592,6.981908084009774,1233,10.0,time_limit,n_neighbors,40
M-n200-k17,M,199,2,1301,1275.0,2.0392156862745097,17,17,1427,11.92156862745098,1679,10.009753291029483,8.166328750026878,1431,10.0,time_limit,n_neighbors,40
M-n200-k17,M,199,3,1306,1275.0,2.4313725490196076,17,17,1369,7.372549019607843,1740,10.017595959012397,9.609102124988567,1686,10.0,time_limit,n_neighbors,40
M-n200-k17,M,199,4,1298,1275.0,1.803921568627451,17,17,1397,9.568627450980392,1669,10.003134791972116,8.645189750008285,1456,10.0,time_limit,n_neighbors,40
M-n200-k17,M,199,5,1307,1275.0,2.5098039215686274,17,17,1404,10.117647058823529,1752,10.010410749993753,8.74733354098862,1553,10.0,time_limit,n_neighbors,40
P-n45-k5,P,44,1,510,510.0,0.0,5,5,556,9.019607843137255,11182,10.000921957951505,0.0721959579968825,65,10.0,time_limit,n_neighbors,40
P-n45-k5,P,44,2,510,510.0,0.0,5,5,560,9.803921568627452,10989,10.000687208026648,0.08366108301561326,72,10.0,time_limit,n_neighbors,40
P-n45-k5,P,44,3,510,510.0,0.0,5,5,561,10.0,11058,10.000113999994937,0.12417833396466449,135,10.0,time_limit,n_neighbors,40
P-n45-k5,P,44,4,510,510.0,0.0,5,5,525,2.9411764705882355,11089,10.000087124994025,0.09676475002197549,122,10.0,time_limit,n_neighbors,40
P-n45-k5,P,44,5,510,510.0,0.0,5,5,523,2.549019607843137,11158,10.000500708003528,0.021589500014670193,26,10.0,time_limit,n_neighbors,40
P-n65-k10,P,64,1,792,792.0,0.0,10,10,840,6.0606060606060606,6826,10.001177709025797,2.7532742920448072,1835,10.0,time_limit,n_neighbors,40
P-n65-k10,P,64,2,792,792.0,0.0,10,10,837,5.681818181818182,6569,10.000878042017575,2.487735749979038,1657,10.0,time_limit,n_neighbors,40
P-n65-k10,P,64,3,792,792.0,0.0,10,10,833,5.1767676767676765,6763,10.001179791986942,5.793256042001303,3903,10.0,time_limit,n_neighbors,40
P-n65-k10,P,64,4,792,792.0,0.0,10,10,854,7.828282828282828,6711,10.001955957966857,1.6497757909819484,1099,10.0,time_limit,n_neighbors,40
P-n65-k10,P,64,5,792,792.0,0.0,10,10,852,7.575757575757576,6614,10.000953957962338,1.4209485829924233,905,10.0,time_limit,n_neighbors,40
P-n101-k4,P,100,1,681,681.0,0.0,4,4,736,8.076358296622614,2789,10.000458957976662,5.6222792500047944,1530,10.0,time_limit,n_neighbors,40
P-n101-k4,P,100,2,681,681.0,0.0,4,4,706,3.671071953010279,3081,10.000499334011693,0.816711833991576,266,10.0,time_limit,n_neighbors,40
P-n101-k4,P,100,3,681,681.0,0.0,4,4,698,2.4963289280469896,3037,10.000110000022687,0.9211377910105512,281,10.0,time_limit,n_neighbors,40
P-n101-k4,P,100,4,681,681.0,0.0,4,4,717,5.286343612334802,2939,10.006083625019528,4.7555957500007935,1363,10.0,time_limit,n_neighbors,40
P-n101-k4,P,100,5,681,681.0,0.0,4,4,736,8.076358296622614,3013,10.000335041957442,4.217471833981108,1307,10.0,time_limit,n_neighbors,40
E-n33-k4,E,32,1,835,835.0,0.0,4,4,868,3.9520958083832336,44234,10.000011583964806,0.198847041989211,822,10.0,time_limit,removal_max_frac,0.15
E-n33-k4,E,32,2,835,835.0,0.0,4,4,895,7.18562874251497,44865,10.000180458009709,0.026962833013385534,164,10.0,time_limit,removal_max_frac,0.15
E-n33-k4,E,32,3,835,835.0,0.0,4,4,866,3.712574850299401,44703,10.000114208029117,0.028285790991503745,159,10.0,time_limit,removal_max_frac,0.15
E-n33-k4,E,32,4,835,835.0,0.0,4,4,856,2.5149700598802394,43263,10.000097916985396,0.023362834006547928,53,10.0,time_limit,removal_max_frac,0.15
E-n33-k4,E,32,5,835,835.0,0.0,4,4,867,3.8323353293413174,43860,10.000269250012934,0.06190475000767037,276,10.0,time_limit,removal_max_frac,0.15
E-n76-k8,E,75,1,736,735.0,0.1360544217687075,8,8,766,4.217687074829932,21265,10.000477459048852,3.9291162500157952,8424,10.0,time_limit,removal_max_frac,0.15
E-n76-k8,E,75,2,736,735.0,0.1360544217687075,8,8,805,9.523809523809524,21898,10.000305166002363,1.7528409999795258,3744,10.0,time_limit,removal_max_frac,0.15
E-n76-k8,E,75,3,736,735.0,0.1360544217687075,8,8,790,7.482993197278912,21753,10.001694625010714,3.4040217910078354,7125,10.0,time_limit,removal_max_frac,0.15
E-n76-k8,E,75,4,735,735.0,0.0,8,8,778,5.850340136054422,21768,10.000236583000515,4.163978125026915,9272,10.0,time_limit,removal_max_frac,0.15
E-n76-k8,E,75,5,736,735.0,0.1360544217687075,8,8,789,7.346938775510204,21525,10.000330207985826,5.5628191659925506,11826,10.0,time_limit,removal_max_frac,0.15
E-n101-k14,E,100,1,1078,1067.0,1.0309278350515463,14,14,1130,5.904404873477039,14354,10.000219374953303,6.243412999960128,8656,10.0,time_limit,removal_max_frac,0.15
E-n101-k14,E,100,2,1078,1067.0,1.0309278350515463,14,14,1128,5.716963448922212,14458,10.000974167021923,6.705503750010394,9519,10.0,time_limit,removal_max_frac,0.15
E-n101-k14,E,100,3,1079,1067.0,1.1246485473289598,14,14,1132,6.091846298031865,14451,10.000656666990835,6.1185678750043735,8640,10.0,time_limit,removal_max_frac,0.15
E-n101-k14,E,100,4,1079,1067.0,1.1246485473289598,14,14,1164,9.090909090909092,14330,10.000429790990893,6.629011832992546,9362,10.0,time_limit,removal_max_frac,0.15
E-n101-k14,E,100,5,1079,1067.0,1.1246485473289598,14,14,1130,5.904404873477039,14286,10.000311667041387,6.560759917018004,9076,10.0,time_limit,removal_max_frac,0.15
F-n72-k4,F,71,1,237,237.0,0.0,4,4,250,5.485232067510548,19012,10.000099583994597,0.08830754196969792,119,10.0,time_limit,removal_max_frac,0.15
F-n72-k4,F,71,2,237,237.0,0.0,4,4,264,11.39240506329114,18831,10.000066666980274,0.6268564999918453,1213,10.0,time_limit,removal_max_frac,0.15
F-n72-k4,F,71,3,237,237.0,0.0,4,4,264,11.39240506329114,19336,10.000049791997299,0.4879108329769224,849,10.0,time_limit,removal_max_frac,0.15
F-n72-k4,F,71,4,237,237.0,0.0,4,4,250,5.485232067510548,19329,10.000125666032545,0.20474929100601003,372,10.0,time_limit,removal_max_frac,0.15
F-n72-k4,F,71,5,237,237.0,0.0,4,4,253,6.751054852320675,18746,10.00041350000538,0.3014002090203576,548,10.0,time_limit,removal_max_frac,0.15
M-n121-k7,M,120,1,1035,1034.0,0.09671179883945841,7,7,1039,0.4835589941972921,10337,10.003145417023916,9.092972291982733,9305,10.0,time_limit,removal_max_frac,0.15
M-n121-k7,M,120,2,1035,1034.0,0.09671179883945841,7,7,1051,1.644100580270793,10514,10.000388082989957,7.867338166979607,8290,10.0,time_limit,removal_max_frac,0.15
M-n121-k7,M,120,3,1035,1034.0,0.09671179883945841,7,7,1049,1.4506769825918762,10258,10.000151249987539,8.199359041987918,8471,10.0,time_limit,removal_max_frac,0.15
M-n121-k7,M,120,4,1035,1034.0,0.09671179883945841,7,7,1048,1.3539651837524178,10389,10.000802499998827,8.317052124999464,8642,10.0,time_limit,removal_max_frac,0.15
M-n121-k7,M,120,5,1036,1034.0,0.19342359767891681,7,7,1043,0.8704061895551257,10130,10.000379625009373,3.4882839579950087,3474,10.0,time_limit,removal_max_frac,0.15
M-n200-k17,M,199,1,1304,1275.0,2.2745098039215685,17,17,1410,10.588235294117647,5152,10.004464291036129,8.653550999995787,4448,10.0,time_limit,removal_max_frac,0.15
M-n200-k17,M,199,2,1312,1275.0,2.9019607843137254,17,17,1429,12.07843137254902,5103,10.000753875006922,9.632106792007107,4915,10.0,time_limit,removal_max_frac,0.15
M-n200-k17,M,199,3,1297,1275.0,1.7254901960784315,17,17,1370,7.450980392156863,5161,10.00233179103816,9.89179512503324,5113,10.0,time_limit,removal_max_frac,0.15
M-n200-k17,M,199,4,1295,1275.0,1.5686274509803921,17,17,1397,9.568627450980392,5119,10.000416958006099,9.403834333003033,4801,10.0,time_limit,removal_max_frac,0.15
M-n200-k17,M,199,5,1303,1275.0,2.196078431372549,17,17,1404,10.117647058823529,5312,10.003465208981652,7.5587376250186935,3982,10.0,time_limit,removal_max_frac,0.15
P-n45-k5,P,44,1,510,510.0,0.0,5,5,556,9.019607843137255,41027,10.00011208304204,0.5792340000043623,2226,10.0,time_limit,removal_max_frac,0.15
P-n45-k5,P,44,2,510,510.0,0.0,5,5,560,9.803921568627452,41260,10.000081791949924,0.19030520896194503,822,10.0,time_limit,removal_max_frac,0.15
P-n45-k5,P,44,3,510,510.0,0.0,5,5,561,10.0,41259,10.000168208964169,0.22273608396062627,977,10.0,time_limit,removal_max_frac,0.15
P-n45-k5,P,44,4,510,510.0,0.0,5,5,525,2.9411764705882355,41257,10.000250541022979,0.04895787499845028,214,10.0,time_limit,removal_max_frac,0.15
P-n45-k5,P,44,5,510,510.0,0.0,5,5,523,2.549019607843137,41870,10.000130540982354,0.03522862499812618,137,10.0,time_limit,removal_max_frac,0.15
P-n65-k10,P,64,1,792,792.0,0.0,10,10,840,6.0606060606060606,28699,10.000394041999243,3.18752154201502,8736,10.0,time_limit,removal_max_frac,0.15
P-n65-k10,P,64,2,792,792.0,0.0,10,10,837,5.681818181818182,27989,10.000316334015224,4.32697900000494,11579,10.0,time_limit,removal_max_frac,0.15
P-n65-k10,P,64,3,792,792.0,0.0,10,10,833,5.1767676767676765,27938,10.000255958002526,0.17219662497518584,417,10.0,time_limit,removal_max_frac,0.15
P-n65-k10,P,64,4,792,792.0,0.0,10,10,854,7.828282828282828,27552,10.000121292017866,2.91632587503409,7552,10.0,time_limit,removal_max_frac,0.15
P-n65-k10,P,64,5,792,792.0,0.0,10,10,852,7.575757575757576,28199,10.000313583004754,0.613586540974211,1605,10.0,time_limit,removal_max_frac,0.15
P-n101-k4,P,100,1,681,681.0,0.0,4,4,736,8.076358296622614,11728,10.001163709035609,5.147869917040225,5775,10.0,time_limit,removal_max_frac,0.15
P-n101-k4,P,100,2,681,681.0,0.0,4,4,706,3.671071953010279,11995,10.00051570800133,0.19075812498340383,199,10.0,time_limit,removal_max_frac,0.15
P-n101-k4,P,100,3,681,681.0,0.0,4,4,698,2.4963289280469896,12135,10.000901209015865,1.1056172919925302,1156,10.0,time_limit,removal_max_frac,0.15
P-n101-k4,P,100,4,681,681.0,0.0,4,4,717,5.286343612334802,11606,10.000162291980814,6.417828249977902,7334,10.0,time_limit,removal_max_frac,0.15
P-n101-k4,P,100,5,681,681.0,0.0,4,4,735,7.929515418502203,11796,10.001868749968708,5.082121832994744,5681,10.0,time_limit,removal_max_frac,0.15
E-n33-k4,E,32,1,835,835.0,0.0,4,4,868,3.9520958083832336,33536,10.000122583995108,0.006130125024355948,21,10.0,time_limit,removal_max_frac,0.25
E-n33-k4,E,32,2,835,835.0,0.0,4,4,895,7.18562874251497,33970,10.00002408301225,0.02817770797992125,102,10.0,time_limit,removal_max_frac,0.25
E-n33-k4,E,32,3,835,835.0,0.0,4,4,866,3.712574850299401,33949,10.000714541994967,0.038342708023265004,118,10.0,time_limit,removal_max_frac,0.25
E-n33-k4,E,32,4,835,835.0,0.0,4,4,856,2.5149700598802394,34024,10.000109541986603,0.11459654202917591,395,10.0,time_limit,removal_max_frac,0.25
E-n33-k4,E,32,5,835,835.0,0.0,4,4,867,3.8323353293413174,33519,10.000292000011541,0.022869625012390316,82,10.0,time_limit,removal_max_frac,0.25
E-n76-k8,E,75,1,735,735.0,0.0,8,8,766,4.217687074829932,13902,10.000026791996788,6.854220750043169,9525,10.0,time_limit,removal_max_frac,0.25
E-n76-k8,E,75,2,735,735.0,0.0,8,8,805,9.523809523809524,14331,10.000262584013399,3.9931235420517623,5685,10.0,time_limit,removal_max_frac,0.25
E-n76-k8,E,75,3,736,735.0,0.1360544217687075,8,8,790,7.482993197278912,14301,10.000295832986012,4.218759040988516,5841,10.0,time_limit,removal_max_frac,0.25
E-n76-k8,E,75,4,735,735.0,0.0,8,8,778,5.850340136054422,14171,10.00115566601744,5.563185208011419,7722,10.0,time_limit,removal_max_frac,0.25
E-n76-k8,E,75,5,736,735.0,0.1360544217687075,8,8,789,7.346938775510204,14070,10.00004362501204,4.15079629101092,5598,10.0,time_limit,removal_max_frac,0.25
E-n101-k14,E,100,1,1080,1067.0,1.218369259606373,14,14,1130,5.904404873477039,9029,10.001037332986016,6.638222499983385,5950,10.0,time_limit,removal_max_frac,0.25
E-n101-k14,E,100,2,1079,1067.0,1.1246485473289598,14,14,1128,5.716963448922212,9136,10.001580499985721,9.690036583982874,8852,10.0,time_limit,removal_max_frac,0.25
E-n101-k14,E,100,3,1071,1067.0,0.37488284910965325,14,14,1132,6.091846298031865,9144,10.000295541016385,7.925666249997448,7282,10.0,time_limit,removal_max_frac,0.25
E-n101-k14,E,100,4,1079,1067.0,1.1246485473289598,14,14,1164,9.090909090909092,9230,10.000545207993127,6.597937665996142,6077,10.0,time_limit,removal_max_frac,0.25
E-n101-k14,E,100,5,1071,1067.0,0.37488284910965325,14,14,1130,5.904404873477039,8951,10.00443237501895,6.780847999965772,6071,10.0,time_limit,removal_max_frac,0.25
F-n72-k4,F,71,1,237,237.0,0.0,4,4,250,5.485232067510548,13994,10.000887917005457,0.15369516698410735,203,10.0,time_limit,removal_max_frac,0.25
F-n72-k4,F,71,2,237,237.0,0.0,4,4,264,11.39240506329114,13972,10.000153541041072,0.5989458750118501,858,10.0,time_limit,removal_max_frac,0.25
F-n72-k4,F,71,3,237,237.0,0.0,4,4,264,11.39240506329114,13535,10.000179624999873,0.3703571669757366,523,10.0,time_limit,removal_max_frac,0.25
F-n72-k4,F,71,4,237,237.0,0.0,4,4,250,5.485232067510548,14127,10.000460042036138,0.6282935829949565,830,10.0,time_limit,removal_max_frac,0.25
F-n72-k4,F,71,5,237,237.0,0.0,4,4,253,6.751054852320675,13780,10.000063917017542,0.43352416704874486,586,10.0,time_limit,removal_max_frac,0.25
M-n121-k7,M,120,1,1036,1034.0,0.19342359767891681,7,7,1039,0.4835589941972921,6379,10.000979708041996,3.1094704170245677,2015,10.0,time_limit,removal_max_frac,0.25
M-n121-k7,M,120,2,1036,1034.0,0.19342359767891681,7,7,1051,1.644100580270793,6519,10.00111133302562,5.943219083012082,3816,10.0,time_limit,removal_max_frac,0.25
M-n121-k7,M,120,3,1035,1034.0,0.09671179883945841,7,7,1049,1.4506769825918762,6511,10.003440583008341,6.672162415983621,4383,10.0,time_limit,removal_max_frac,0.25
M-n121-k7,M,120,4,1035,1034.0,0.09671179883945841,7,7,1048,1.3539651837524178,6723,10.000211916980334,9.17683837498771,6211,10.0,time_limit,removal_max_frac,0.25
M-n121-k7,M,120,5,1034,1034.0,0.0,7,7,1043,0.8704061895551257,6583,10.000792209000792,8.939373083994724,5958,10.0,time_limit,removal_max_frac,0.25
M-n200-k17,M,199,1,1300,1275.0,1.9607843137254901,17,17,1410,10.588235294117647,2813,10.00833258399507,8.554461834020913,2456,10.0,time_limit,removal_max_frac,0.25
M-n200-k17,M,199,2,1297,1275.0,1.7254901960784315,17,17,1429,12.07843137254902,2824,10.003692457976285,9.76310779096093,2775,10.0,time_limit,removal_max_frac,0.25
M-n200-k17,M,199,3,1313,1275.0,2.980392156862745,17,17,1370,7.450980392156863,2880,10.006354667013511,9.666559375007637,2800,10.0,time_limit,removal_max_frac,0.25
M-n200-k17,M,199,4,1297,1275.0,1.7254901960784315,17,17,1397,9.568627450980392,2879,10.000412833003793,8.193230958015192,2429,10.0,time_limit,removal_max_frac,0.25
M-n200-k17,M,199,5,1313,1275.0,2.980392156862745,17,17,1404,10.117647058823529,2809,10.000085457984824,6.046239165996667,1771,10.0,time_limit,removal_max_frac,0.25
P-n45-k5,P,44,1,510,510.0,0.0,5,5,556,9.019607843137255,27389,10.00016895798035,0.0846315419767052,226,10.0,time_limit,removal_max_frac,0.25
P-n45-k5,P,44,2,510,510.0,0.0,5,5,560,9.803921568627452,27922,10.000360666017514,0.10106516600353643,219,10.0,time_limit,removal_max_frac,0.25
P-n45-k5,P,44,3,510,510.0,0.0,5,5,561,10.0,27369,10.000322749954648,0.07696512498660013,167,10.0,time_limit,removal_max_frac,0.25
P-n45-k5,P,44,4,510,510.0,0.0,5,5,525,2.9411764705882355,27832,10.000571499986108,0.42520845896797255,1384,10.0,time_limit,removal_max_frac,0.25
P-n45-k5,P,44,5,510,510.0,0.0,5,5,523,2.549019607843137,27417,10.00006241601659,0.051494583021849394,133,10.0,time_limit,removal_max_frac,0.25
P-n65-k10,P,64,1,792,792.0,0.0,10,10,840,6.0606060606060606,17294,10.00026387500111,2.79334887501318,4576,10.0,time_limit,removal_max_frac,0.25
P-n65-k10,P,64,2,792,792.0,0.0,10,10,837,5.681818181818182,17944,10.000012084026821,2.8284096250426956,4839,10.0,time_limit,removal_max_frac,0.25
P-n65-k10,P,64,3,792,792.0,0.0,10,10,833,5.1767676767676765,17808,10.000220499990974,0.6420117919915356,906,10.0,time_limit,removal_max_frac,0.25
P-n65-k10,P,64,4,792,792.0,0.0,10,10,854,7.828282828282828,17503,10.001950500009116,3.9635224160156213,6667,10.0,time_limit,removal_max_frac,0.25
P-n65-k10,P,64,5,799,792.0,0.8838383838383839,10,10,852,7.575757575757576,17010,10.00208941596793,3.5564209159929305,5856,10.0,time_limit,removal_max_frac,0.25
P-n101-k4,P,100,1,681,681.0,0.0,4,4,736,8.076358296622614,8383,10.000645541993435,6.055641709011979,4943,10.0,time_limit,removal_max_frac,0.25
P-n101-k4,P,100,2,681,681.0,0.0,4,4,706,3.671071953010279,8503,10.000249832984991,0.5471352500026114,421,10.0,time_limit,removal_max_frac,0.25
P-n101-k4,P,100,3,681,681.0,0.0,4,4,698,2.4963289280469896,8351,10.000298083003145,4.44868916698033,3692,10.0,time_limit,removal_max_frac,0.25
P-n101-k4,P,100,4,681,681.0,0.0,4,4,717,5.286343612334802,8387,10.00104729202576,0.061257584020495415,42,10.0,time_limit,removal_max_frac,0.25
P-n101-k4,P,100,5,681,681.0,0.0,4,4,735,7.929515418502203,8419,10.000337875040714,6.129585125017911,5011,10.0,time_limit,removal_max_frac,0.25
E-n33-k4,E,32,1,835,835.0,0.0,4,4,868,3.9520958083832336,17759,10.000192540988792,0.01309729099739343,31,10.0,time_limit,removal_max_frac,0.55
E-n33-k4,E,32,2,835,835.0,0.0,4,4,895,7.18562874251497,17776,10.000065041997004,0.10471024998696521,166,10.0,time_limit,removal_max_frac,0.55
E-n33-k4,E,32,3,835,835.0,0.0,4,4,866,3.712574850299401,17747,10.000271749973763,0.029937458981294185,32,10.0,time_limit,removal_max_frac,0.55
E-n33-k4,E,32,4,835,835.0,0.0,4,4,856,2.5149700598802394,17630,10.000851332966704,0.01448066596640274,33,10.0,time_limit,removal_max_frac,0.55
E-n33-k4,E,32,5,835,835.0,0.0,4,4,867,3.8323353293413174,17522,10.000459040980786,0.053545249975286424,74,10.0,time_limit,removal_max_frac,0.55
E-n76-k8,E,75,1,736,735.0,0.1360544217687075,8,8,766,4.217687074829932,5313,10.00351937499363,3.47129583300557,1882,10.0,time_limit,removal_max_frac,0.55
E-n76-k8,E,75,2,736,735.0,0.1360544217687075,8,8,805,9.523809523809524,5468,10.00031279103132,4.276273082999978,2484,10.0,time_limit,removal_max_frac,0.55
E-n76-k8,E,75,3,736,735.0,0.1360544217687075,8,8,790,7.482993197278912,5537,10.003231209004298,5.55453220900381,3207,10.0,time_limit,removal_max_frac,0.55
E-n76-k8,E,75,4,736,735.0,0.1360544217687075,8,8,778,5.850340136054422,5526,10.004428041982464,9.152258916990831,5091,10.0,time_limit,removal_max_frac,0.55
E-n76-k8,E,75,5,737,735.0,0.272108843537415,8,8,789,7.346938775510204,5472,10.0022916670423,9.344368584046606,5109,10.0,time_limit,removal_max_frac,0.55
E-n101-k14,E,100,1,1081,1067.0,1.3120899718837864,14,14,1130,5.904404873477039,3763,10.005136542022228,4.854414875037037,2020,10.0,time_limit,removal_max_frac,0.55
E-n101-k14,E,100,2,1073,1067.0,0.5623242736644799,14,14,1128,5.716963448922212,3617,10.010729750036262,9.312420708010904,3393,10.0,time_limit,removal_max_frac,0.55
E-n101-k14,E,100,3,1083,1067.0,1.499531396438613,14,14,1132,6.091846298031865,3688,10.003776874975301,7.275773416971788,2830,10.0,time_limit,removal_max_frac,0.55
E-n101-k14,E,100,4,1080,1067.0,1.218369259606373,14,14,1164,9.090909090909092,3950,10.002210000006016,9.687389541009907,3841,10.0,time_limit,removal_max_frac,0.55
E-n101-k14,E,100,5,1078,1067.0,1.0309278350515463,14,14,1130,5.904404873477039,3894,10.0019717499963,4.878350874991156,1929,10.0,time_limit,removal_max_frac,0.55
F-n72-k4,F,71,1,237,237.0,0.0,4,4,250,5.485232067510548,6211,10.002081624988932,0.020161917025689036,9,10.0,time_limit,removal_max_frac,0.55
F-n72-k4,F,71,2,237,237.0,0.0,4,4,264,11.39240506329114,6053,10.000847499992233,0.7895709999720566,479,10.0,time_limit,removal_max_frac,0.55
F-n72-k4,F,71,3,237,237.0,0.0,4,4,264,11.39240506329114,6141,10.000381333986297,0.6560132500017062,408,10.0,time_limit,removal_max_frac,0.55
F-n72-k4,F,71,4,237,237.0,0.0,4,4,250,5.485232067510548,6095,10.001409958000295,0.16762187500717118,100,10.0,time_limit,removal_max_frac,0.55
F-n72-k4,F,71,5,237,237.0,0.0,4,4,253,6.751054852320675,6216,10.000778875022661,0.019439792027696967,10,10.0,time_limit,removal_max_frac,0.55
M-n121-k7,M,120,1,1036,1034.0,0.19342359767891681,7,7,1039,0.4835589941972921,3277,10.005266916996334,4.478544333949685,1542,10.0,time_limit,removal_max_frac,0.55
M-n121-k7,M,120,2,1036,1034.0,0.19342359767891681,7,7,1051,1.644100580270793,3461,10.000555792008527,5.095917584025301,1884,10.0,time_limit,removal_max_frac,0.55
M-n121-k7,M,120,3,1036,1034.0,0.19342359767891681,7,7,1049,1.4506769825918762,3383,10.000338708981872,4.8939084589947015,1573,10.0,time_limit,removal_max_frac,0.55
M-n121-k7,M,120,4,1037,1034.0,0.2901353965183752,7,7,1048,1.3539651837524178,3418,10.002787999983411,0.7526656659902073,307,10.0,time_limit,removal_max_frac,0.55
M-n121-k7,M,120,5,1036,1034.0,0.19342359767891681,7,7,1043,0.8704061895551257,3373,10.010856374981813,5.469565125007648,1917,10.0,time_limit,removal_max_frac,0.55
M-n200-k17,M,199,1,1297,1275.0,1.7254901960784315,17,17,1410,10.588235294117647,2669,10.001172291988041,9.021743083954789,2462,10.0,time_limit,removal_max_frac,0.55
M-n200-k17,M,199,2,1294,1275.0,1.4901960784313726,17,17,1429,12.07843137254902,2754,10.006364541011862,9.682966166001279,2668,10.0,time_limit,removal_max_frac,0.55
M-n200-k17,M,199,3,1296,1275.0,1.6470588235294117,17,17,1370,7.450980392156863,2656,10.002092499984428,8.513209917000495,2324,10.0,time_limit,removal_max_frac,0.55
M-n200-k17,M,199,4,1292,1275.0,1.3333333333333333,17,17,1397,9.568627450980392,2808,10.000339583028108,9.681676166015677,2733,10.0,time_limit,removal_max_frac,0.55
M-n200-k17,M,199,5,1290,1275.0,1.1764705882352942,17,17,1404,10.117647058823529,2727,10.017000292020384,9.548309749981854,2615,10.0,time_limit,removal_max_frac,0.55
P-n45-k5,P,44,1,510,510.0,0.0,5,5,556,9.019607843137255,12135,10.00047883397201,0.03348387498408556,42,10.0,time_limit,removal_max_frac,0.55
P-n45-k5,P,44,2,510,510.0,0.0,5,5,560,9.803921568627452,12122,10.000030124967452,0.05199429200729355,52,10.0,time_limit,removal_max_frac,0.55
P-n45-k5,P,44,3,510,510.0,0.0,5,5,561,10.0,12409,10.000949042034335,0.21550145803485066,256,10.0,time_limit,removal_max_frac,0.55
P-n45-k5,P,44,4,510,510.0,0.0,5,5,525,2.9411764705882355,12328,10.000407916959375,0.027578749984968454,29,10.0,time_limit,removal_max_frac,0.55
P-n45-k5,P,44,5,510,510.0,0.0,5,5,523,2.549019607843137,12504,10.0017504170537,0.23188100004335865,264,10.0,time_limit,removal_max_frac,0.55
P-n65-k10,P,64,1,792,792.0,0.0,10,10,840,6.0606060606060606,6844,10.000506957992911,2.3748099170043133,1632,10.0,time_limit,removal_max_frac,0.55
P-n65-k10,P,64,2,792,792.0,0.0,10,10,837,5.681818181818182,6995,10.001080916961655,2.3131704579573125,1614,10.0,time_limit,removal_max_frac,0.55
P-n65-k10,P,64,3,792,792.0,0.0,10,10,833,5.1767676767676765,6870,10.000473457970656,4.006452166999225,2812,10.0,time_limit,removal_max_frac,0.55
P-n65-k10,P,64,4,792,792.0,0.0,10,10,854,7.828282828282828,6954,10.000360500009265,4.640055625000969,3300,10.0,time_limit,removal_max_frac,0.55
P-n65-k10,P,64,5,792,792.0,0.0,10,10,852,7.575757575757576,6989,10.000476000015624,2.1955770420026965,1643,10.0,time_limit,removal_max_frac,0.55
P-n101-k4,P,100,1,681,681.0,0.0,4,4,736,8.076358296622614,4247,10.000001375039574,1.3186421249993145,575,10.0,time_limit,removal_max_frac,0.55
P-n101-k4,P,100,2,681,681.0,0.0,4,4,706,3.671071953010279,4157,10.000520000001416,4.27452199999243,1779,10.0,time_limit,removal_max_frac,0.55
P-n101-k4,P,100,3,681,681.0,0.0,4,4,698,2.4963289280469896,4272,10.000625541026238,7.6901956659858115,3235,10.0,time_limit,removal_max_frac,0.55
P-n101-k4,P,100,4,681,681.0,0.0,4,4,717,5.286343612334802,4261,10.002921291976236,3.913065916975029,1672,10.0,time_limit,removal_max_frac,0.55
P-n101-k4,P,100,5,684,681.0,0.44052863436123346,4,4,735,7.929515418502203,4311,10.001310999970883,1.6883187919738702,713,10.0,time_limit,removal_max_frac,0.55
E-n33-k4,E,32,1,835,835.0,0.0,4,4,868,3.9520958083832336,13306,10.000506582960952,0.01807245798408985,30,10.0,time_limit,removal_max_frac,0.7
E-n33-k4,E,32,2,835,835.0,0.0,4,4,895,7.18562874251497,13221,10.000722749973647,0.20745133300079033,249,10.0,time_limit,removal_max_frac,0.7
E-n33-k4,E,32,3,835,835.0,0.0,4,4,866,3.712574850299401,12803,10.000737416034099,0.042750250024255365,64,10.0,time_limit,removal_max_frac,0.7
E-n33-k4,E,32,4,835,835.0,0.0,4,4,856,2.5149700598802394,13259,10.000269583018962,0.06072812498314306,61,10.0,time_limit,removal_max_frac,0.7
E-n33-k4,E,32,5,835,835.0,0.0,4,4,867,3.8323353293413174,13286,10.000164541008417,0.02426445798482746,24,10.0,time_limit,removal_max_frac,0.7
E-n76-k8,E,75,1,737,735.0,0.272108843537415,8,8,766,4.217687074829932,4244,10.0092674169573,2.7700819589663297,1238,10.0,time_limit,removal_max_frac,0.7
E-n76-k8,E,75,2,736,735.0,0.1360544217687075,8,8,805,9.523809523809524,4051,10.000366292020772,6.636778082989622,2784,10.0,time_limit,removal_max_frac,0.7
E-n76-k8,E,75,3,737,735.0,0.272108843537415,8,8,790,7.482993197278912,4219,10.002879875013605,4.484092833008617,2020,10.0,time_limit,removal_max_frac,0.7
E-n76-k8,E,75,4,739,735.0,0.54421768707483,8,8,778,5.850340136054422,4152,10.00208033400122,0.7997114589670673,335,10.0,time_limit,removal_max_frac,0.7
E-n76-k8,E,75,5,735,735.0,0.0,8,8,789,7.346938775510204,4276,10.003298084018752,6.281288083991967,2736,10.0,time_limit,removal_max_frac,0.7
E-n101-k14,E,100,1,1087,1067.0,1.8744142455482662,14,14,1130,5.904404873477039,3755,10.013038166041952,5.056661875045393,2000,10.0,time_limit,removal_max_frac,0.7
E-n101-k14,E,100,2,1082,1067.0,1.4058106841611997,14,14,1128,5.716963448922212,3504,10.002306332986336,9.158770165988244,3244,10.0,time_limit,removal_max_frac,0.7
E-n101-k14,E,100,3,1080,1067.0,1.218369259606373,14,14,1132,6.091846298031865,3560,10.000842916953843,6.379529124998953,2412,10.0,time_limit,removal_max_frac,0.7
E-n101-k14,E,100,4,1083,1067.0,1.499531396438613,14,14,1164,9.090909090909092,3512,10.003013458044734,9.710623542021494,3433,10.0,time_limit,removal_max_frac,0.7
E-n101-k14,E,100,5,1081,1067.0,1.3120899718837864,14,14,1130,5.904404873477039,3630,10.001531374990009,8.997288041980937,3317,10.0,time_limit,removal_max_frac,0.7
F-n72-k4,F,71,1,237,237.0,0.0,4,4,250,5.485232067510548,4779,10.000021999992896,0.2746590420138091,174,10.0,time_limit,removal_max_frac,0.7
F-n72-k4,F,71,2,237,237.0,0.0,4,4,264,11.39240506329114,4790,10.002001541957725,0.19977149995975196,136,10.0,time_limit,removal_max_frac,0.7
F-n72-k4,F,71,3,237,237.0,0.0,4,4,264,11.39240506329114,4883,10.000490250007715,0.6511843340122141,355,10.0,time_limit,removal_max_frac,0.7
F-n72-k4,F,71,4,237,237.0,0.0,4,4,250,5.485232067510548,4741,10.004556667001452,0.5920767500065267,323,10.0,time_limit,removal_max_frac,0.7
F-n72-k4,F,71,5,237,237.0,0.0,4,4,253,6.751054852320675,4763,10.004511374980211,0.7729921669815667,361,10.0,time_limit,removal_max_frac,0.7
M-n121-k7,M,120,1,1036,1034.0,0.19342359767891681,7,7,1039,0.4835589941972921,3395,10.00801120896358,6.808378541958518,2378,10.0,time_limit,removal_max_frac,0.7
M-n121-k7,M,120,2,1036,1034.0,0.19342359767891681,7,7,1051,1.644100580270793,3510,10.004542624985334,2.356616916018538,791,10.0,time_limit,removal_max_frac,0.7
M-n121-k7,M,120,3,1036,1034.0,0.19342359767891681,7,7,1049,1.4506769825918762,3388,10.000587290967815,4.680922749976162,1585,10.0,time_limit,removal_max_frac,0.7
M-n121-k7,M,120,4,1036,1034.0,0.19342359767891681,7,7,1048,1.3539651837524178,3444,10.00060087494785,8.544327040959615,2943,10.0,time_limit,removal_max_frac,0.7
M-n121-k7,M,120,5,1036,1034.0,0.19342359767891681,7,7,1043,0.8704061895551257,3313,10.005687957978807,2.581818833015859,836,10.0,time_limit,removal_max_frac,0.7
M-n200-k17,M,199,1,1301,1275.0,2.0392156862745097,17,17,1410,10.588235294117647,2834,10.00240479101194,9.27411579102045,2650,10.0,time_limit,removal_max_frac,0.7
M-n200-k17,M,199,2,1305,1275.0,2.3529411764705883,17,17,1429,12.07843137254902,2723,10.001141832966823,9.01746624999214,2491,10.0,time_limit,removal_max_frac,0.7
M-n200-k17,M,199,3,1310,1275.0,2.7450980392156863,17,17,1370,7.450980392156863,2706,10.002267416974064,8.288341042003594,2220,10.0,time_limit,removal_max_frac,0.7
M-n200-k17,M,199,4,1309,1275.0,2.6666666666666665,17,17,1397,9.568627450980392,2735,10.000185000011697,9.660442167019937,2659,10.0,time_limit,removal_max_frac,0.7
M-n200-k17,M,199,5,1287,1275.0,0.9411764705882353,16,17,1404,10.117647058823529,2874,10.006093166011851,9.627455707988702,2762,10.0,time_limit,removal_max_frac,0.7
P-n45-k5,P,44,1,510,510.0,0.0,5,5,556,9.019607843137255,10144,10.000918208039366,0.13856170803774148,140,10.0,time_limit,removal_max_frac,0.7
P-n45-k5,P,44,2,510,510.0,0.0,5,5,560,9.803921568627452,10084,10.001016541966237,0.08891095797298476,99,10.0,time_limit,removal_max_frac,0.7
P-n45-k5,P,44,3,510,510.0,0.0,5,5,561,10.0,9861,10.000092375034,0.023071792034897953,18,10.0,time_limit,removal_max_frac,0.7
P-n45-k5,P,44,4,510,510.0,0.0,5,5,525,2.9411764705882355,10050,10.00300658296328,0.01723845797823742,29,10.0,time_limit,removal_max_frac,0.7
P-n45-k5,P,44,5,510,510.0,0.0,5,5,523,2.549019607843137,10170,10.000393749971408,0.07056233298499137,73,10.0,time_limit,removal_max_frac,0.7
P-n65-k10,P,64,1,792,792.0,0.0,10,10,840,6.0606060606060606,5623,10.000382166996133,2.9766500829719007,1874,10.0,time_limit,removal_max_frac,0.7
P-n65-k10,P,64,2,798,792.0,0.7575757575757576,10,10,837,5.681818181818182,5595,10.000614874996245,1.97751816699747,1223,10.0,time_limit,removal_max_frac,0.7
P-n65-k10,P,64,3,792,792.0,0.0,10,10,833,5.1767676767676765,5446,10.000118958996609,9.96701825002674,5434,10.0,time_limit,removal_max_frac,0.7
P-n65-k10,P,64,4,792,792.0,0.0,10,10,854,7.828282828282828,5472,10.002391832997091,4.369003666972276,2462,10.0,time_limit,removal_max_frac,0.7
P-n65-k10,P,64,5,792,792.0,0.0,10,10,852,7.575757575757576,5507,10.005409582983702,3.5736640419927426,2117,10.0,time_limit,removal_max_frac,0.7
P-n101-k4,P,100,1,681,681.0,0.0,4,4,736,8.076358296622614,4345,10.000148167018779,1.2289155840408057,575,10.0,time_limit,removal_max_frac,0.7
P-n101-k4,P,100,2,681,681.0,0.0,4,4,706,3.671071953010279,4523,10.002194833010435,2.963782833016012,1282,10.0,time_limit,removal_max_frac,0.7
P-n101-k4,P,100,3,681,681.0,0.0,4,4,698,2.4963289280469896,4381,10.007297875010408,2.43028879101621,1058,10.0,time_limit,removal_max_frac,0.7
P-n101-k4,P,100,4,681,681.0,0.0,4,4,717,5.286343612334802,4429,10.00491575000342,4.58403820800595,1947,10.0,time_limit,removal_max_frac,0.7
P-n101-k4,P,100,5,684,681.0,0.44052863436123346,4,4,735,7.929515418502203,4511,10.000480957969557,1.6468133329763077,713,10.0,time_limit,removal_max_frac,0.7
E-n33-k4,E,32,1,835,835.0,0.0,4,4,868,3.9520958083832336,24311,10.000120499986224,0.0670841250102967,89,10.0,time_limit,sa_start_frac,0.0
E-n33-k4,E,32,2,835,835.0,0.0,4,4,895,7.18562874251497,24431,10.000092500005849,0.05789995798841119,76,10.0,time_limit,sa_start_frac,0.0
E-n33-k4,E,32,3,835,835.0,0.0,4,4,866,3.712574850299401,24674,10.00075929198647,0.11542345798807219,238,10.0,time_limit,sa_start_frac,0.0
E-n33-k4,E,32,4,835,835.0,0.0,4,4,856,2.5149700598802394,24637,10.000252249999903,0.08164212497649714,174,10.0,time_limit,sa_start_frac,0.0
E-n33-k4,E,32,5,835,835.0,0.0,4,4,867,3.8323353293413174,24561,10.00001437496394,0.020431832992471755,27,10.0,time_limit,sa_start_frac,0.0
E-n76-k8,E,75,1,735,735.0,0.0,8,8,766,4.217687074829932,7899,10.002737417002209,0.32115433301078156,268,10.0,time_limit,sa_start_frac,0.0
E-n76-k8,E,75,2,744,735.0,1.2244897959183674,8,8,805,9.523809523809524,7985,10.001980499946512,5.877877582970541,4763,10.0,time_limit,sa_start_frac,0.0
E-n76-k8,E,75,3,735,735.0,0.0,8,8,790,7.482993197278912,7800,10.000244208029471,3.15085779101355,2398,10.0,time_limit,sa_start_frac,0.0
E-n76-k8,E,75,4,738,735.0,0.40816326530612246,8,8,778,5.850340136054422,8111,10.000489833008032,0.35009937500581145,309,10.0,time_limit,sa_start_frac,0.0
E-n76-k8,E,75,5,736,735.0,0.1360544217687075,8,8,789,7.346938775510204,7992,10.000436416012235,3.055947415996343,2508,10.0,time_limit,sa_start_frac,0.0
E-n101-k14,E,100,1,1079,1067.0,1.1246485473289598,14,14,1130,5.904404873477039,4579,10.001317999965977,1.890785124967806,886,10.0,time_limit,sa_start_frac,0.0
E-n101-k14,E,100,2,1082,1067.0,1.4058106841611997,14,14,1128,5.716963448922212,5063,10.00299162499141,4.337994290981442,2179,10.0,time_limit,sa_start_frac,0.0
E-n101-k14,E,100,3,1089,1067.0,2.0618556701030926,14,14,1132,6.091846298031865,5001,10.002560874971095,3.149971792008728,1616,10.0,time_limit,sa_start_frac,0.0
E-n101-k14,E,100,4,1078,1067.0,1.0309278350515463,14,14,1164,9.090909090909092,5122,10.000826917006634,2.8971705840085633,1536,10.0,time_limit,sa_start_frac,0.0
E-n101-k14,E,100,5,1078,1067.0,1.0309278350515463,14,14,1130,5.904404873477039,5060,10.003530666988809,4.104183959017973,2097,10.0,time_limit,sa_start_frac,0.0
F-n72-k4,F,71,1,237,237.0,0.0,4,4,250,5.485232067510548,9177,10.00014816597104,0.012422790983691812,15,10.0,time_limit,sa_start_frac,0.0
F-n72-k4,F,71,2,237,237.0,0.0,4,4,264,11.39240506329114,8811,10.000818917003926,0.15568374999566004,136,10.0,time_limit,sa_start_frac,0.0
F-n72-k4,F,71,3,237,237.0,0.0,4,4,264,11.39240506329114,9078,10.00003362505231,0.5662887500366196,490,10.0,time_limit,sa_start_frac,0.0
F-n72-k4,F,71,4,237,237.0,0.0,4,4,250,5.485232067510548,9022,10.001297125010751,0.03716087498469278,33,10.0,time_limit,sa_start_frac,0.0
F-n72-k4,F,71,5,237,237.0,0.0,4,4,253,6.751054852320675,9184,10.000856917002238,0.11582537495996803,123,10.0,time_limit,sa_start_frac,0.0
M-n121-k7,M,120,1,1035,1034.0,0.09671179883945841,7,7,1039,0.4835589941972921,3743,10.000757707981393,8.288792249979451,3101,10.0,time_limit,sa_start_frac,0.0
M-n121-k7,M,120,2,1035,1034.0,0.09671179883945841,7,7,1051,1.644100580270793,3512,10.007108958961908,8.788183708966244,3117,10.0,time_limit,sa_start_frac,0.0
M-n121-k7,M,120,3,1036,1034.0,0.19342359767891681,7,7,1049,1.4506769825918762,3589,10.000172082975041,3.5481772079947405,1317,10.0,time_limit,sa_start_frac,0.0
M-n121-k7,M,120,4,1035,1034.0,0.09671179883945841,7,7,1048,1.3539651837524178,3672,10.000097709009424,5.626644208969083,2075,10.0,time_limit,sa_start_frac,0.0
M-n121-k7,M,120,5,1035,1034.0,0.09671179883945841,7,7,1043,0.8704061895551257,3786,10.0003221250372,6.494996791006997,2528,10.0,time_limit,sa_start_frac,0.0
M-n200-k17,M,199,1,1298,1275.0,1.803921568627451,17,17,1410,10.588235294117647,2378,10.00043045799248,8.375546374998521,1994,10.0,time_limit,sa_start_frac,0.0
M-n200-k17,M,199,2,1300,1275.0,1.9607843137254901,17,17,1429,12.07843137254902,2484,10.000264125003014,8.123209582990967,2019,10.0,time_limit,sa_start_frac,0.0
M-n200-k17,M,199,3,1309,1275.0,2.6666666666666665,17,17,1370,7.450980392156863,2616,10.005612749955617,7.341992541973013,1972,10.0,time_limit,sa_start_frac,0.0
M-n200-k17,M,199,4,1294,1275.0,1.4901960784313726,17,17,1397,9.568627450980392,2551,10.001852000015788,6.626862334029283,1684,10.0,time_limit,sa_start_frac,0.0
M-n200-k17,M,199,5,1310,1275.0,2.7450980392156863,17,17,1404,10.117647058823529,2560,10.004778624977916,7.839466709003318,2032,10.0,time_limit,sa_start_frac,0.0
P-n45-k5,P,44,1,515,510.0,0.9803921568627451,5,5,556,9.019607843137255,18529,10.000327499990817,0.024322125012986362,47,10.0,time_limit,sa_start_frac,0.0
P-n45-k5,P,44,2,510,510.0,0.0,5,5,560,9.803921568627452,18554,10.000174709013663,0.3267539170337841,601,10.0,time_limit,sa_start_frac,0.0
P-n45-k5,P,44,3,510,510.0,0.0,5,5,561,10.0,18815,10.000047750014346,1.7075841670157388,3207,10.0,time_limit,sa_start_frac,0.0
P-n45-k5,P,44,4,510,510.0,0.0,5,5,525,2.9411764705882355,18933,10.000129957974423,0.059434082999359816,97,10.0,time_limit,sa_start_frac,0.0
P-n45-k5,P,44,5,510,510.0,0.0,5,5,523,2.549019607843137,19158,10.000218958011828,0.03672270802780986,62,10.0,time_limit,sa_start_frac,0.0
P-n65-k10,P,64,1,792,792.0,0.0,10,10,840,6.0606060606060606,10991,10.000072541006375,0.28781687503214926,327,10.0,time_limit,sa_start_frac,0.0
P-n65-k10,P,64,2,802,792.0,1.2626262626262625,10,10,837,5.681818181818182,11081,10.000447375001386,1.0139240830321796,1170,10.0,time_limit,sa_start_frac,0.0
P-n65-k10,P,64,3,792,792.0,0.0,10,10,833,5.1767676767676765,10672,10.001220042002387,0.43748283304739743,446,10.0,time_limit,sa_start_frac,0.0
P-n65-k10,P,64,4,802,792.0,1.2626262626262625,10,10,854,7.828282828282828,10622,10.000671917048749,2.742879625002388,2858,10.0,time_limit,sa_start_frac,0.0
P-n65-k10,P,64,5,792,792.0,0.0,10,10,852,7.575757575757576,10995,10.001153583987616,0.3282115419860929,340,10.0,time_limit,sa_start_frac,0.0
P-n101-k4,P,100,1,681,681.0,0.0,4,4,736,8.076358296622614,5484,10.00884337502066,6.764877625042573,3628,10.0,time_limit,sa_start_frac,0.0
P-n101-k4,P,100,2,681,681.0,0.0,4,4,706,3.671071953010279,5798,10.003205583954696,0.1846124169533141,91,10.0,time_limit,sa_start_frac,0.0
P-n101-k4,P,100,3,681,681.0,0.0,4,4,698,2.4963289280469896,5846,10.001246458035894,0.8717942910152487,497,10.0,time_limit,sa_start_frac,0.0
P-n101-k4,P,100,4,681,681.0,0.0,4,4,717,5.286343612334802,5474,10.001591040985659,0.851761040976271,483,10.0,time_limit,sa_start_frac,0.0
P-n101-k4,P,100,5,681,681.0,0.0,4,4,735,7.929515418502203,5619,10.000551459030248,1.6272810000227764,929,10.0,time_limit,sa_start_frac,0.0
E-n33-k4,E,32,1,835,835.0,0.0,4,4,868,3.9520958083832336,22261,10.000122917001136,0.008777791983447969,26,10.0,time_limit,sa_start_frac,0.01
E-n33-k4,E,32,2,835,835.0,0.0,4,4,895,7.18562874251497,22334,10.00030491698999,0.05469062499469146,133,10.0,time_limit,sa_start_frac,0.01
E-n33-k4,E,32,3,835,835.0,0.0,4,4,866,3.712574850299401,22507,10.000316665973514,0.028591540991328657,61,10.0,time_limit,sa_start_frac,0.01
E-n33-k4,E,32,4,835,835.0,0.0,4,4,856,2.5149700598802394,22139,10.000068166991696,0.01608541695168242,24,10.0,time_limit,sa_start_frac,0.01
E-n33-k4,E,32,5,835,835.0,0.0,4,4,867,3.8323353293413174,21867,10.000003041990567,0.00978208298329264,19,10.0,time_limit,sa_start_frac,0.01
E-n76-k8,E,75,1,735,735.0,0.0,8,8,766,4.217687074829932,7731,10.001197832985781,5.534399083000608,4555,10.0,time_limit,sa_start_frac,0.01
E-n76-k8,E,75,2,736,735.0,0.1360544217687075,8,8,805,9.523809523809524,7682,10.001561374985613,0.9620314579806291,825,10.0,time_limit,sa_start_frac,0.01
E-n76-k8,E,75,3,736,735.0,0.1360544217687075,8,8,790,7.482993197278912,7184,10.000276000006124,6.03025204205187,4465,10.0,time_limit,sa_start_frac,0.01
E-n76-k8,E,75,4,735,735.0,0.0,8,8,778,5.850340136054422,7634,10.000929292000365,4.084674500045367,3346,10.0,time_limit,sa_start_frac,0.01
E-n76-k8,E,75,5,736,735.0,0.1360544217687075,8,8,789,7.346938775510204,7624,10.000379000033718,2.841084417013917,2337,10.0,time_limit,sa_start_frac,0.01
E-n101-k14,E,100,1,1071,1067.0,0.37488284910965325,14,14,1130,5.904404873477039,4424,10.000248084019404,9.350723750016186,4105,10.0,time_limit,sa_start_frac,0.01
E-n101-k14,E,100,2,1079,1067.0,1.1246485473289598,14,14,1128,5.716963448922212,4258,10.000119583040942,6.0567113750148565,2459,10.0,time_limit,sa_start_frac,0.01
E-n101-k14,E,100,3,1073,1067.0,0.5623242736644799,14,14,1132,6.091846298031865,4554,10.003626500023529,6.984081458009314,2984,10.0,time_limit,sa_start_frac,0.01
E-n101-k14,E,100,4,1080,1067.0,1.218369259606373,14,14,1164,9.090909090909092,4310,10.007832792005502,4.720287500007544,1977,10.0,time_limit,sa_start_frac,0.01
E-n101-k14,E,100,5,1080,1067.0,1.218369259606373,14,14,1130,5.904404873477039,4445,10.003527499968186,5.230970082979184,2106,10.0,time_limit,sa_start_frac,0.01
F-n72-k4,F,71,1,237,237.0,0.0,4,4,250,5.485232067510548,7773,10.001237875025254,0.016743667016271502,15,10.0,time_limit,sa_start_frac,0.01
F-n72-k4,F,71,2,237,237.0,0.0,4,4,264,11.39240506329114,7847,10.000526207964867,0.5875617499696091,452,10.0,time_limit,sa_start_frac,0.01
F-n72-k4,F,71,3,237,237.0,0.0,4,4,264,11.39240506329114,7797,10.003118541964795,0.3567089999560267,273,10.0,time_limit,sa_start_frac,0.01
F-n72-k4,F,71,4,237,237.0,0.0,4,4,250,5.485232067510548,7958,10.000583458982874,0.0992687499965541,90,10.0,time_limit,sa_start_frac,0.01
F-n72-k4,F,71,5,237,237.0,0.0,4,4,253,6.751054852320675,7745,10.00409750000108,0.2911282909917645,219,10.0,time_limit,sa_start_frac,0.01
M-n121-k7,M,120,1,1036,1034.0,0.19342359767891681,7,7,1039,0.4835589941972921,3693,10.001087875047233,1.9665690410183743,714,10.0,time_limit,sa_start_frac,0.01
M-n121-k7,M,120,2,1035,1034.0,0.09671179883945841,7,7,1051,1.644100580270793,3747,10.009474834019784,8.241871125006583,3101,10.0,time_limit,sa_start_frac,0.01
M-n121-k7,M,120,3,1036,1034.0,0.19342359767891681,7,7,1049,1.4506769825918762,3705,10.003846125036944,5.05189841700485,1830,10.0,time_limit,sa_start_frac,0.01
M-n121-k7,M,120,4,1035,1034.0,0.09671179883945841,7,7,1048,1.3539651837524178,3657,10.000115959031973,8.685231834009755,3162,10.0,time_limit,sa_start_frac,0.01
M-n121-k7,M,120,5,1036,1034.0,0.19342359767891681,7,7,1043,0.8704061895551257,3844,10.000634374970105,3.261101708980277,1266,10.0,time_limit,sa_start_frac,0.01
M-n200-k17,M,199,1,1303,1275.0,2.196078431372549,17,17,1410,10.588235294117647,2762,10.002484375028871,7.905401375028305,2232,10.0,time_limit,sa_start_frac,0.01
M-n200-k17,M,199,2,1298,1275.0,1.803921568627451,17,17,1429,12.07843137254902,2689,10.009922834055033,8.37932395900134,2240,10.0,time_limit,sa_start_frac,0.01
M-n200-k17,M,199,3,1313,1275.0,2.980392156862745,17,17,1370,7.450980392156863,2654,10.007061499985866,7.442168167035561,2014,10.0,time_limit,sa_start_frac,0.01
M-n200-k17,M,199,4,1308,1275.0,2.588235294117647,17,17,1397,9.568627450980392,2825,10.00154049997218,7.87511716602603,2297,10.0,time_limit,sa_start_frac,0.01
M-n200-k17,M,199,5,1296,1275.0,1.6470588235294117,17,17,1404,10.117647058823529,2639,10.007995291962288,5.2791307919542305,1418,10.0,time_limit,sa_start_frac,0.01
P-n45-k5,P,44,1,510,510.0,0.0,5,5,556,9.019607843137255,18903,10.000044207961764,0.6049537499784492,1094,10.0,time_limit,sa_start_frac,0.01
P-n45-k5,P,44,2,510,510.0,0.0,5,5,560,9.803921568627452,18682,10.000088916975074,0.027676708006765693,66,10.0,time_limit,sa_start_frac,0.01
P-n45-k5,P,44,3,510,510.0,0.0,5,5,561,10.0,18504,10.00047608296154,0.05730612500337884,96,10.0,time_limit,sa_start_frac,0.01
P-n45-k5,P,44,4,510,510.0,0.0,5,5,525,2.9411764705882355,18619,10.000211958016735,0.07176104100653902,138,10.0,time_limit,sa_start_frac,0.01
P-n45-k5,P,44,5,510,510.0,0.0,5,5,523,2.549019607843137,18390,10.002184625016525,0.03466983302496374,61,10.0,time_limit,sa_start_frac,0.01
P-n65-k10,P,64,1,792,792.0,0.0,10,10,840,6.0606060606060606,10662,10.000433999986853,0.21951270900899544,250,10.0,time_limit,sa_start_frac,0.01
P-n65-k10,P,64,2,792,792.0,0.0,10,10,837,5.681818181818182,10932,10.000476124987472,1.880465957976412,2117,10.0,time_limit,sa_start_frac,0.01
P-n65-k10,P,64,3,792,792.0,0.0,10,10,833,5.1767676767676765,10501,10.000330790993758,1.9246430409839377,2047,10.0,time_limit,sa_start_frac,0.01
P-n65-k10,P,64,4,792,792.0,0.0,10,10,854,7.828282828282828,10759,10.001255666022189,1.8794622910209,2001,10.0,time_limit,sa_start_frac,0.01
P-n65-k10,P,64,5,792,792.0,0.0,10,10,852,7.575757575757576,10664,10.000616749981418,3.466352665971499,3515,10.0,time_limit,sa_start_frac,0.01
P-n101-k4,P,100,1,681,681.0,0.0,4,4,736,8.076358296622614,5669,10.002712374960538,1.298427207977511,729,10.0,time_limit,sa_start_frac,0.01
P-n101-k4,P,100,2,681,681.0,0.0,4,4,706,3.671071953010279,5734,10.002028165967204,4.094848874956369,2293,10.0,time_limit,sa_start_frac,0.01
P-n101-k4,P,100,3,681,681.0,0.0,4,4,698,2.4963289280469896,5572,10.0021531250095,2.3251247919979505,1248,10.0,time_limit,sa_start_frac,0.01
P-n101-k4,P,100,4,681,681.0,0.0,4,4,717,5.286343612334802,5733,10.002083333034534,1.883146291016601,1002,10.0,time_limit,sa_start_frac,0.01
P-n101-k4,P,100,5,681,681.0,0.0,4,4,735,7.929515418502203,5746,10.003860832948703,5.101974124961998,2810,10.0,time_limit,sa_start_frac,0.01
E-n33-k4,E,32,1,835,835.0,0.0,4,4,868,3.9520958083832336,24345,10.000117750023492,0.01897233398631215,49,10.0,time_limit,sa_start_frac,0.06
E-n33-k4,E,32,2,835,835.0,0.0,4,4,895,7.18562874251497,24747,10.000350082991645,0.0294957910082303,69,10.0,time_limit,sa_start_frac,0.06
E-n33-k4,E,32,3,835,835.0,0.0,4,4,866,3.712574850299401,24367,10.000088415981736,0.07465149997733533,181,10.0,time_limit,sa_start_frac,0.06
E-n33-k4,E,32,4,835,835.0,0.0,4,4,856,2.5149700598802394,24298,10.000833500002045,0.011576624994631857,28,10.0,time_limit,sa_start_frac,0.06
E-n33-k4,E,32,5,835,835.0,0.0,4,4,867,3.8323353293413174,24874,10.000078582961578,0.031236082955729216,79,10.0,time_limit,sa_start_frac,0.06
E-n76-k8,E,75,1,735,735.0,0.0,8,8,766,4.217687074829932,8320,10.000614082964603,5.426652499998454,4706,10.0,time_limit,sa_start_frac,0.06
E-n76-k8,E,75,2,736,735.0,0.1360544217687075,8,8,805,9.523809523809524,8327,10.001294790999964,5.684584166039713,4932,10.0,time_limit,sa_start_frac,0.06
E-n76-k8,E,75,3,736,735.0,0.1360544217687075,8,8,790,7.482993197278912,7899,10.000153917004354,4.193181584007107,3369,10.0,time_limit,sa_start_frac,0.06
E-n76-k8,E,75,4,736,735.0,0.1360544217687075,8,8,778,5.850340136054422,8154,10.001660542038735,7.293222334003076,5925,10.0,time_limit,sa_start_frac,0.06
E-n76-k8,E,75,5,735,735.0,0.0,8,8,789,7.346938775510204,7962,10.000023125030566,7.119973000022583,5784,10.0,time_limit,sa_start_frac,0.06
E-n101-k14,E,100,1,1071,1067.0,0.37488284910965325,14,14,1130,5.904404873477039,5245,10.001272750028875,7.31164525001077,3976,10.0,time_limit,sa_start_frac,0.06
E-n101-k14,E,100,2,1074,1067.0,0.6560449859418932,14,14,1128,5.716963448922212,5085,10.006410375004634,7.280526083020959,3865,10.0,time_limit,sa_start_frac,0.06
E-n101-k14,E,100,3,1079,1067.0,1.1246485473289598,14,14,1132,6.091846298031865,5248,10.007638917013537,8.981897042016499,4799,10.0,time_limit,sa_start_frac,0.06
E-n101-k14,E,100,4,1079,1067.0,1.1246485473289598,14,14,1164,9.090909090909092,5329,10.000404542020988,5.842742167005781,3185,10.0,time_limit,sa_start_frac,0.06
E-n101-k14,E,100,5,1071,1067.0,0.37488284910965325,14,14,1130,5.904404873477039,5332,10.00350566697307,9.642075332987588,5151,10.0,time_limit,sa_start_frac,0.06
F-n72-k4,F,71,1,237,237.0,0.0,4,4,250,5.485232067510548,9220,10.00279999995837,0.19795637496281415,195,10.0,time_limit,sa_start_frac,0.06
F-n72-k4,F,71,2,237,237.0,0.0,4,4,264,11.39240506329114,9051,10.001414707978256,0.3475243329885416,353,10.0,time_limit,sa_start_frac,0.06
F-n72-k4,F,71,3,237,237.0,0.0,4,4,264,11.39240506329114,9044,10.000817499996629,1.3733597500249743,1328,10.0,time_limit,sa_start_frac,0.06
F-n72-k4,F,71,4,237,237.0,0.0,4,4,250,5.485232067510548,9360,10.004273250000551,0.23084004095289856,257,10.0,time_limit,sa_start_frac,0.06
F-n72-k4,F,71,5,237,237.0,0.0,4,4,253,6.751054852320675,9019,10.000032583018765,0.6420999169931747,575,10.0,time_limit,sa_start_frac,0.06
M-n121-k7,M,120,1,1036,1034.0,0.19342359767891681,7,7,1039,0.4835589941972921,3742,10.000170040992089,8.50037500000326,3180,10.0,time_limit,sa_start_frac,0.06
M-n121-k7,M,120,2,1036,1034.0,0.19342359767891681,7,7,1051,1.644100580270793,3890,10.002595416968688,8.946726708963979,3459,10.0,time_limit,sa_start_frac,0.06
M-n121-k7,M,120,3,1038,1034.0,0.38684719535783363,7,7,1049,1.4506769825918762,3908,10.000510000041686,4.111345959012397,1701,10.0,time_limit,sa_start_frac,0.06
M-n121-k7,M,120,4,1035,1034.0,0.09671179883945841,7,7,1048,1.3539651837524178,3731,10.000608291011304,9.436996957985684,3557,10.0,time_limit,sa_start_frac,0.06
M-n121-k7,M,120,5,1035,1034.0,0.09671179883945841,7,7,1043,0.8704061895551257,3978,10.00552379200235,8.455017499974929,3357,10.0,time_limit,sa_start_frac,0.06
M-n200-k17,M,199,1,1303,1275.0,2.196078431372549,17,17,1410,10.588235294117647,2935,10.009631042019464,9.81858766701771,2892,10.0,time_limit,sa_start_frac,0.06
M-n200-k17,M,199,2,1296,1275.0,1.6470588235294117,17,17,1429,12.07843137254902,2847,10.000494667037856,8.79828470904613,2525,10.0,time_limit,sa_start_frac,0.06
M-n200-k17,M,199,3,1303,1275.0,2.196078431372549,17,17,1370,7.450980392156863,2875,10.006593958009034,9.851857583038509,2846,10.0,time_limit,sa_start_frac,0.06
M-n200-k17,M,199,4,1300,1275.0,1.9607843137254901,17,17,1397,9.568627450980392,2644,10.003562333004083,9.925714500015602,2627,10.0,time_limit,sa_start_frac,0.06
M-n200-k17,M,199,5,1301,1275.0,2.0392156862745097,17,17,1404,10.117647058823529,2883,10.005788542039227,9.422660375013947,2750,10.0,time_limit,sa_start_frac,0.06
P-n45-k5,P,44,1,510,510.0,0.0,5,5,556,9.019607843137255,18723,10.001305459009018,0.03169050003634766,45,10.0,time_limit,sa_start_frac,0.06
P-n45-k5,P,44,2,510,510.0,0.0,5,5,560,9.803921568627452,18352,10.000697999959812,0.17513649997999892,350,10.0,time_limit,sa_start_frac,0.06
P-n45-k5,P,44,3,510,510.0,0.0,5,5,561,10.0,18520,10.000150082982145,0.10917374998098239,191,10.0,time_limit,sa_start_frac,0.06
P-n45-k5,P,44,4,510,510.0,0.0,5,5,525,2.9411764705882355,18869,10.00031900004251,0.023055166995618492,40,10.0,time_limit,sa_start_frac,0.06
P-n45-k5,P,44,5,510,510.0,0.0,5,5,523,2.549019607843137,18938,10.00177979102591,0.26180245802970603,443,10.0,time_limit,sa_start_frac,0.06
P-n65-k10,P,64,1,792,792.0,0.0,10,10,840,6.0606060606060606,10880,10.000228291959502,0.8761433329782449,972,10.0,time_limit,sa_start_frac,0.06
P-n65-k10,P,64,2,792,792.0,0.0,10,10,837,5.681818181818182,11089,10.002113458001986,5.1357033750391565,5621,10.0,time_limit,sa_start_frac,0.06
P-n65-k10,P,64,3,792,792.0,0.0,10,10,833,5.1767676767676765,11094,10.001312749984208,3.856297165970318,4189,10.0,time_limit,sa_start_frac,0.06
P-n65-k10,P,64,4,792,792.0,0.0,10,10,854,7.828282828282828,11022,10.000375333998818,4.715610334009398,5069,10.0,time_limit,sa_start_frac,0.06
P-n65-k10,P,64,5,792,792.0,0.0,10,10,852,7.575757575757576,11339,10.000616959005129,3.0205724589759484,3415,10.0,time_limit,sa_start_frac,0.06
P-n101-k4,P,100,1,681,681.0,0.0,4,4,736,8.076358296622614,5479,10.00031350000063,0.2360182089614682,118,10.0,time_limit,sa_start_frac,0.06
P-n101-k4,P,100,2,681,681.0,0.0,4,4,706,3.671071953010279,5340,10.000725000048988,4.5958748330012895,2530,10.0,time_limit,sa_start_frac,0.06
P-n101-k4,P,100,3,681,681.0,0.0,4,4,698,2.4963289280469896,5396,10.001212000031956,7.590644500043709,3984,10.0,time_limit,sa_start_frac,0.06
P-n101-k4,P,100,4,681,681.0,0.0,4,4,717,5.286343612334802,5455,10.002233166014776,1.519517666019965,745,10.0,time_limit,sa_start_frac,0.06
P-n101-k4,P,100,5,681,681.0,0.0,4,4,735,7.929515418502203,5355,10.001852249959484,3.1004852089681663,1698,10.0,time_limit,sa_start_frac,0.06
E-n33-k4,E,32,1,835,835.0,0.0,4,4,868,3.9520958083832336,23150,10.00007450004341,0.02232291700784117,55,10.0,time_limit,sa_start_frac,0.12
E-n33-k4,E,32,2,835,835.0,0.0,4,4,895,7.18562874251497,23154,10.000896874989849,0.02956116700079292,69,10.0,time_limit,sa_start_frac,0.12
E-n33-k4,E,32,3,835,835.0,0.0,4,4,866,3.712574850299401,22929,10.000154208042659,0.040882500004954636,116,10.0,time_limit,sa_start_frac,0.12
E-n33-k4,E,32,4,835,835.0,0.0,4,4,856,2.5149700598802394,23259,10.000166458019521,0.02751954202540219,54,10.0,time_limit,sa_start_frac,0.12
E-n33-k4,E,32,5,835,835.0,0.0,4,4,867,3.8323353293413174,23215,10.000323999964166,0.03749499999685213,91,10.0,time_limit,sa_start_frac,0.12
E-n76-k8,E,75,1,735,735.0,0.0,8,8,766,4.217687074829932,7776,10.000783791998401,6.410545042017475,5059,10.0,time_limit,sa_start_frac,0.12
E-n76-k8,E,75,2,736,735.0,0.1360544217687075,8,8,805,9.523809523809524,7921,10.001866792037617,7.478238208044786,5964,10.0,time_limit,sa_start_frac,0.12
E-n76-k8,E,75,3,736,735.0,0.1360544217687075,8,8,790,7.482993197278912,7790,10.00039816700155,5.232694917009212,4132,10.0,time_limit,sa_start_frac,0.12
E-n76-k8,E,75,4,736,735.0,0.1360544217687075,8,8,778,5.850340136054422,7699,10.0016730420175,7.6743964169872925,5926,10.0,time_limit,sa_start_frac,0.12
E-n76-k8,E,75,5,735,735.0,0.0,8,8,789,7.346938775510204,7915,10.000682874990162,9.771939874975942,7766,10.0,time_limit,sa_start_frac,0.12
E-n101-k14,E,100,1,1078,1067.0,1.0309278350515463,14,14,1130,5.904404873477039,4948,10.003065833006985,8.375947125023231,4166,10.0,time_limit,sa_start_frac,0.12
E-n101-k14,E,100,2,1071,1067.0,0.37488284910965325,14,14,1128,5.716963448922212,5071,10.003463875036687,6.7197267500450835,3387,10.0,time_limit,sa_start_frac,0.12
E-n101-k14,E,100,3,1078,1067.0,1.0309278350515463,14,14,1132,6.091846298031865,5225,10.00309837498935,7.2621032079914585,3714,10.0,time_limit,sa_start_frac,0.12
E-n101-k14,E,100,4,1086,1067.0,1.780693533270853,14,14,1164,9.090909090909092,5150,10.000143790966831,5.3837540409876965,2911,10.0,time_limit,sa_start_frac,0.12
E-n101-k14,E,100,5,1073,1067.0,0.5623242736644799,14,14,1130,5.904404873477039,4975,10.000805292045698,8.648310792050324,4271,10.0,time_limit,sa_start_frac,0.12
F-n72-k4,F,71,1,237,237.0,0.0,4,4,250,5.485232067510548,8751,10.005424541013781,0.7238564580329694,595,10.0,time_limit,sa_start_frac,0.12
F-n72-k4,F,71,2,237,237.0,0.0,4,4,264,11.39240506329114,8917,10.0002425420098,1.3329374580061994,1165,10.0,time_limit,sa_start_frac,0.12
F-n72-k4,F,71,3,237,237.0,0.0,4,4,264,11.39240506329114,8795,10.00003670802107,0.09474033303558826,103,10.0,time_limit,sa_start_frac,0.12
F-n72-k4,F,71,4,237,237.0,0.0,4,4,250,5.485232067510548,8790,10.000116707989946,0.981871374999173,804,10.0,time_limit,sa_start_frac,0.12
F-n72-k4,F,71,5,237,237.0,0.0,4,4,253,6.751054852320675,8615,10.00068558298517,0.22299654100788757,172,10.0,time_limit,sa_start_frac,0.12
M-n121-k7,M,120,1,1036,1034.0,0.19342359767891681,7,7,1039,0.4835589941972921,3766,10.00139524997212,5.427594374981709,2209,10.0,time_limit,sa_start_frac,0.12
M-n121-k7,M,120,2,1040,1034.0,0.5802707930367504,7,7,1051,1.644100580270793,3711,10.007190833974164,4.867087833990809,1906,10.0,time_limit,sa_start_frac,0.12
M-n121-k7,M,120,3,1035,1034.0,0.09671179883945841,7,7,1049,1.4506769825918762,3820,10.00009891600348,8.777796625043266,3336,10.0,time_limit,sa_start_frac,0.12
M-n121-k7,M,120,4,1037,1034.0,0.2901353965183752,7,7,1048,1.3539651837524178,3796,10.002985750033986,2.6821243329904974,1127,10.0,time_limit,sa_start_frac,0.12
M-n121-k7,M,120,5,1036,1034.0,0.19342359767891681,7,7,1043,0.8704061895551257,3826,10.002537499996834,5.988721332978457,2339,10.0,time_limit,sa_start_frac,0.12
M-n200-k17,M,199,1,1294,1275.0,1.4901960784313726,17,17,1410,10.588235294117647,2970,10.001932334038429,9.17993625003146,2732,10.0,time_limit,sa_start_frac,0.12
M-n200-k17,M,199,2,1307,1275.0,2.5098039215686274,17,17,1429,12.07843137254902,2857,10.000375957984943,9.21871129097417,2662,10.0,time_limit,sa_start_frac,0.12
M-n200-k17,M,199,3,1293,1275.0,1.411764705882353,17,17,1370,7.450980392156863,2856,10.003740624990314,8.937417584005743,2609,10.0,time_limit,sa_start_frac,0.12
M-n200-k17,M,199,4,1316,1275.0,3.215686274509804,17,17,1397,9.568627450980392,2740,10.004465707985219,9.457717165991198,2612,10.0,time_limit,sa_start_frac,0.12
M-n200-k17,M,199,5,1301,1275.0,2.0392156862745097,17,17,1404,10.117647058823529,2751,10.00178812496597,9.30636799999047,2588,10.0,time_limit,sa_start_frac,0.12
P-n45-k5,P,44,1,510,510.0,0.0,5,5,556,9.019607843137255,18988,10.00031916698208,0.10480333399027586,182,10.0,time_limit,sa_start_frac,0.12
P-n45-k5,P,44,2,510,510.0,0.0,5,5,560,9.803921568627452,18515,10.000031667004805,0.05673808400752023,110,10.0,time_limit,sa_start_frac,0.12
P-n45-k5,P,44,3,510,510.0,0.0,5,5,561,10.0,18353,10.00026604096638,0.030820040963590145,46,10.0,time_limit,sa_start_frac,0.12
P-n45-k5,P,44,4,510,510.0,0.0,5,5,525,2.9411764705882355,18289,10.000652832968626,0.023913499957416207,40,10.0,time_limit,sa_start_frac,0.12
P-n45-k5,P,44,5,510,510.0,0.0,5,5,523,2.549019607843137,18677,10.000914375006687,0.030932458001188934,50,10.0,time_limit,sa_start_frac,0.12
P-n65-k10,P,64,1,792,792.0,0.0,10,10,840,6.0606060606060606,10883,10.003335541987326,1.4819431249634363,1642,10.0,time_limit,sa_start_frac,0.12
P-n65-k10,P,64,2,792,792.0,0.0,10,10,837,5.681818181818182,10896,10.001756082987413,3.783492083020974,4102,10.0,time_limit,sa_start_frac,0.12
P-n65-k10,P,64,3,792,792.0,0.0,10,10,833,5.1767676767676765,10853,10.00187904201448,4.333544874971267,4698,10.0,time_limit,sa_start_frac,0.12
P-n65-k10,P,64,4,792,792.0,0.0,10,10,854,7.828282828282828,10953,10.00036058400292,2.2159199170419015,2332,10.0,time_limit,sa_start_frac,0.12
P-n65-k10,P,64,5,792,792.0,0.0,10,10,852,7.575757575757576,10828,10.00026529096067,4.459007749974262,4817,10.0,time_limit,sa_start_frac,0.12
P-n101-k4,P,100,1,681,681.0,0.0,4,4,736,8.076358296622614,5364,10.000017790996935,0.7713382910005748,371,10.0,time_limit,sa_start_frac,0.12
P-n101-k4,P,100,2,681,681.0,0.0,4,4,706,3.671071953010279,5440,10.001118707994465,5.585445791017264,2991,10.0,time_limit,sa_start_frac,0.12
P-n101-k4,P,100,3,681,681.0,0.0,4,4,698,2.4963289280469896,5344,10.000050582981203,8.264512833033223,4345,10.0,time_limit,sa_start_frac,0.12
P-n101-k4,P,100,4,681,681.0,0.0,4,4,717,5.286343612334802,5404,10.00149454199709,2.204789291950874,1185,10.0,time_limit,sa_start_frac,0.12
P-n101-k4,P,100,5,681,681.0,0.0,4,4,735,7.929515418502203,5293,10.00016879098257,2.6235570830176584,1319,10.0,time_limit,sa_start_frac,0.12
E-n33-k4,E,32,1,835,835.0,0.0,4,4,868,3.9520958083832336,24989,10.000150792009663,0.023790874984115362,58,10.0,time_limit,reaction,0.0
E-n33-k4,E,32,2,835,835.0,0.0,4,4,895,7.18562874251497,24917,10.00037041597534,0.10161195800174028,261,10.0,time_limit,reaction,0.0
E-n33-k4,E,32,3,835,835.0,0.0,4,4,866,3.712574850299401,23984,10.000377749965992,0.24325158295687288,578,10.0,time_limit,reaction,0.0
E-n33-k4,E,32,4,835,835.0,0.0,4,4,856,2.5149700598802394,24348,10.000275041966233,0.014700041967444122,28,10.0,time_limit,reaction,0.0
E-n33-k4,E,32,5,835,835.0,0.0,4,4,867,3.8323353293413174,24586,10.000438999966718,0.007788666000124067,19,10.0,time_limit,reaction,0.0
E-n76-k8,E,75,1,736,735.0,0.1360544217687075,8,8,766,4.217687074829932,9224,10.0002817499917,4.825765332963783,4326,10.0,time_limit,reaction,0.0
E-n76-k8,E,75,2,735,735.0,0.0,8,8,805,9.523809523809524,8924,10.000504415947944,3.9910128329647705,3447,10.0,time_limit,reaction,0.0
E-n76-k8,E,75,3,736,735.0,0.1360544217687075,8,8,790,7.482993197278912,9128,10.003896832989994,5.750289458024781,5190,10.0,time_limit,reaction,0.0
E-n76-k8,E,75,4,736,735.0,0.1360544217687075,8,8,778,5.850340136054422,8928,10.000266874965746,4.009033165988512,3493,10.0,time_limit,reaction,0.0
E-n76-k8,E,75,5,736,735.0,0.1360544217687075,8,8,789,7.346938775510204,8888,10.002122709003743,7.700236083997879,6740,10.0,time_limit,reaction,0.0
E-n101-k14,E,100,1,1084,1067.0,1.5932521087160263,14,14,1130,5.904404873477039,5835,10.008352749980986,9.906501749996096,5764,10.0,time_limit,reaction,0.0
E-n101-k14,E,100,2,1079,1067.0,1.1246485473289598,14,14,1128,5.716963448922212,5995,10.001443332992494,9.360446333012078,5580,10.0,time_limit,reaction,0.0
E-n101-k14,E,100,3,1080,1067.0,1.218369259606373,14,14,1132,6.091846298031865,5995,10.000235541025177,6.0937435000087135,3517,10.0,time_limit,reaction,0.0
E-n101-k14,E,100,4,1078,1067.0,1.0309278350515463,14,14,1164,9.090909090909092,5864,10.000446083955467,6.499287958955392,3745,10.0,time_limit,reaction,0.0
E-n101-k14,E,100,5,1071,1067.0,0.37488284910965325,14,14,1130,5.904404873477039,5920,10.001109374978114,8.443976624985225,4965,10.0,time_limit,reaction,0.0
F-n72-k4,F,71,1,237,237.0,0.0,4,4,250,5.485232067510548,10174,10.00052937498549,0.015581333951558918,15,10.0,time_limit,reaction,0.0
F-n72-k4,F,71,2,237,237.0,0.0,4,4,264,11.39240506329114,9756,10.000680541968904,0.13284724997356534,112,10.0,time_limit,reaction,0.0
F-n72-k4,F,71,3,237,237.0,0.0,4,4,264,11.39240506329114,9872,10.00031770800706,0.13254920800682157,133,10.0,time_limit,reaction,0.0
F-n72-k4,F,71,4,237,237.0,0.0,4,4,250,5.485232067510548,9923,10.00022083404474,0.4227640420431271,384,10.0,time_limit,reaction,0.0
F-n72-k4,F,71,5,237,237.0,0.0,4,4,253,6.751054852320675,9923,10.003876292030327,0.13984870899003,149,10.0,time_limit,reaction,0.0
M-n121-k7,M,120,1,1035,1034.0,0.09671179883945841,7,7,1039,0.4835589941972921,4549,10.003596458001994,9.184753250039648,4214,10.0,time_limit,reaction,0.0
M-n121-k7,M,120,2,1037,1034.0,0.2901353965183752,7,7,1051,1.644100580270793,4533,10.004991583991796,9.591939291974995,4340,10.0,time_limit,reaction,0.0
M-n121-k7,M,120,3,1035,1034.0,0.09671179883945841,7,7,1049,1.4506769825918762,4578,10.00526904198341,8.515504208975472,3907,10.0,time_limit,reaction,0.0
M-n121-k7,M,120,4,1035,1034.0,0.09671179883945841,7,7,1048,1.3539651837524178,4596,10.000610290968325,6.754192541004159,3057,10.0,time_limit,reaction,0.0
M-n121-k7,M,120,5,1037,1034.0,0.2901353965183752,7,7,1043,0.8704061895551257,4508,10.006156083021779,3.1191197499865666,1354,10.0,time_limit,reaction,0.0
M-n200-k17,M,199,1,1302,1275.0,2.1176470588235294,17,17,1410,10.588235294117647,3567,10.005033791007008,8.694722415995784,3055,10.0,time_limit,reaction,0.0
M-n200-k17,M,199,2,1303,1275.0,2.196078431372549,17,17,1429,12.07843137254902,3470,10.002855999977328,9.837877707963344,3420,10.0,time_limit,reaction,0.0
M-n200-k17,M,199,3,1295,1275.0,1.5686274509803921,17,17,1370,7.450980392156863,3408,10.002883291977923,8.740697541972622,2950,10.0,time_limit,reaction,0.0
M-n200-k17,M,199,4,1308,1275.0,2.588235294117647,17,17,1397,9.568627450980392,3444,10.005219165992457,9.866797082999256,3400,10.0,time_limit,reaction,0.0
M-n200-k17,M,199,5,1305,1275.0,2.3529411764705883,17,17,1404,10.117647058823529,3463,10.005365707969759,5.5443269169772975,1875,10.0,time_limit,reaction,0.0
P-n45-k5,P,44,1,510,510.0,0.0,5,5,556,9.019607843137255,18340,10.000325334025547,0.034587834030389786,45,10.0,time_limit,reaction,0.0
P-n45-k5,P,44,2,510,510.0,0.0,5,5,560,9.803921568627452,18669,10.00010470795678,0.20657254196703434,361,10.0,time_limit,reaction,0.0
P-n45-k5,P,44,3,510,510.0,0.0,5,5,561,10.0,18528,10.00025966600515,0.019610833027400076,29,10.0,time_limit,reaction,0.0
P-n45-k5,P,44,4,510,510.0,0.0,5,5,525,2.9411764705882355,18145,10.001163415960036,0.020714832993689924,43,10.0,time_limit,reaction,0.0
P-n45-k5,P,44,5,510,510.0,0.0,5,5,523,2.549019607843137,18590,10.001795416988898,0.050842042022850364,92,10.0,time_limit,reaction,0.0
P-n65-k10,P,64,1,792,792.0,0.0,10,10,840,6.0606060606060606,11576,10.000266041024588,3.171606999996584,3583,10.0,time_limit,reaction,0.0
P-n65-k10,P,64,2,792,792.0,0.0,10,10,837,5.681818181818182,11443,10.000077667005826,2.574574082973413,2825,10.0,time_limit,reaction,0.0
P-n65-k10,P,64,3,792,792.0,0.0,10,10,833,5.1767676767676765,11813,10.00007537502097,3.6090693750302307,4135,10.0,time_limit,reaction,0.0
P-n65-k10,P,64,4,792,792.0,0.0,10,10,854,7.828282828282828,11645,10.001581624965183,3.3175032080034725,3792,10.0,time_limit,reaction,0.0
P-n65-k10,P,64,5,792,792.0,0.0,10,10,852,7.575757575757576,11516,10.000369334011339,1.9275249170023017,2064,10.0,time_limit,reaction,0.0
P-n101-k4,P,100,1,681,681.0,0.0,4,4,736,8.076358296622614,5466,10.000879459024873,0.9032953340210952,489,10.0,time_limit,reaction,0.0
P-n101-k4,P,100,2,681,681.0,0.0,4,4,706,3.671071953010279,5441,10.000052500050515,2.828564166033175,1447,10.0,time_limit,reaction,0.0
P-n101-k4,P,100,3,681,681.0,0.0,4,4,698,2.4963289280469896,5344,10.000854875019286,2.566850292030722,1291,10.0,time_limit,reaction,0.0
P-n101-k4,P,100,4,681,681.0,0.0,4,4,717,5.286343612334802,5335,10.00198887498118,2.186926666996442,1192,10.0,time_limit,reaction,0.0
P-n101-k4,P,100,5,681,681.0,0.0,4,4,735,7.929515418502203,5424,10.006378334015608,4.770848584012128,2616,10.0,time_limit,reaction,0.0
E-n33-k4,E,32,1,835,835.0,0.0,4,4,868,3.9520958083832336,24789,10.00020495802164,0.021774165972601622,58,10.0,time_limit,reaction,0.1
E-n33-k4,E,32,2,835,835.0,0.0,4,4,895,7.18562874251497,24707,10.000609249982517,0.1304471250041388,265,10.0,time_limit,reaction,0.1
E-n33-k4,E,32,3,835,835.0,0.0,4,4,866,3.712574850299401,25021,10.00001716602128,0.1579609999898821,353,10.0,time_limit,reaction,0.1
E-n33-k4,E,32,4,835,835.0,0.0,4,4,856,2.5149700598802394,24642,10.000231291982345,0.017353000002913177,28,10.0,time_limit,reaction,0.1
E-n33-k4,E,32,5,835,835.0,0.0,4,4,867,3.8323353293413174,25326,10.000219040957745,0.008014832972548902,19,10.0,time_limit,reaction,0.1
E-n76-k8,E,75,1,735,735.0,0.0,8,8,766,4.217687074829932,8438,10.003275291994214,7.073447292030323,6179,10.0,time_limit,reaction,0.1
E-n76-k8,E,75,2,736,735.0,0.1360544217687075,8,8,805,9.523809523809524,8431,10.000210291007534,8.316752457991242,7004,10.0,time_limit,reaction,0.1
E-n76-k8,E,75,3,736,735.0,0.1360544217687075,8,8,790,7.482993197278912,8325,10.002512875013053,4.6070314579992555,3892,10.0,time_limit,reaction,0.1
E-n76-k8,E,75,4,736,735.0,0.1360544217687075,8,8,778,5.850340136054422,8368,10.003146499977447,4.381764249992557,3668,10.0,time_limit,reaction,0.1
E-n76-k8,E,75,5,736,735.0,0.1360544217687075,8,8,789,7.346938775510204,8291,10.002208458026871,4.706459750013892,4072,10.0,time_limit,reaction,0.1
E-n101-k14,E,100,1,1080,1067.0,1.218369259606373,14,14,1130,5.904404873477039,5462,10.000577291997615,5.661798082990572,3174,10.0,time_limit,reaction,0.1
E-n101-k14,E,100,2,1074,1067.0,0.6560449859418932,14,14,1128,5.716963448922212,5507,10.001636833010707,8.837461290997453,4899,10.0,time_limit,reaction,0.1
E-n101-k14,E,100,3,1076,1067.0,0.8434864104967198,14,14,1132,6.091846298031865,5393,10.004190290987026,4.379817333014216,2440,10.0,time_limit,reaction,0.1
E-n101-k14,E,100,4,1079,1067.0,1.1246485473289598,14,14,1164,9.090909090909092,5406,10.001619499991648,5.419856791966595,3025,10.0,time_limit,reaction,0.1
E-n101-k14,E,100,5,1077,1067.0,0.9372071227741331,14,14,1130,5.904404873477039,5368,10.003936292021535,6.757201833999716,3595,10.0,time_limit,reaction,0.1
F-n72-k4,F,71,1,237,237.0,0.0,4,4,250,5.485232067510548,9171,10.000186250021216,0.01531625003553927,15,10.0,time_limit,reaction,0.1
F-n72-k4,F,71,2,237,237.0,0.0,4,4,264,11.39240506329114,9410,10.000188416976016,0.1431042499607429,112,10.0,time_limit,reaction,0.1
F-n72-k4,F,71,3,237,237.0,0.0,4,4,264,11.39240506329114,9164,10.00214545801282,0.17832479096250609,150,10.0,time_limit,reaction,0.1
F-n72-k4,F,71,4,237,237.0,0.0,4,4,250,5.485232067510548,9257,10.00016620894894,0.7118894999730401,724,10.0,time_limit,reaction,0.1
F-n72-k4,F,71,5,237,237.0,0.0,4,4,253,6.751054852320675,8982,10.000652542046737,0.48911387502448633,465,10.0,time_limit,reaction,0.1
M-n121-k7,M,120,1,1037,1034.0,0.2901353965183752,7,7,1039,0.4835589941972921,4080,10.001000832999125,1.5088442910346203,671,10.0,time_limit,reaction,0.1
M-n121-k7,M,120,2,1036,1034.0,0.19342359767891681,7,7,1051,1.644100580270793,4009,10.000764042022638,5.220434791990556,2109,10.0,time_limit,reaction,0.1
M-n121-k7,M,120,3,1035,1034.0,0.09671179883945841,7,7,1049,1.4506769825918762,3819,10.002135249960702,9.491499750001822,3625,10.0,time_limit,reaction,0.1
M-n121-k7,M,120,4,1035,1034.0,0.09671179883945841,7,7,1048,1.3539651837524178,4019,10.000849417003337,8.800206499989145,3580,10.0,time_limit,reaction,0.1
M-n121-k7,M,120,5,1035,1034.0,0.09671179883945841,7,7,1043,0.8704061895551257,3818,10.005201374995522,5.810539124999195,2265,10.0,time_limit,reaction,0.1
M-n200-k17,M,199,1,1297,1275.0,1.7254901960784315,17,17,1410,10.588235294117647,3188,10.00553495803615,7.3225695410510525,2396,10.0,time_limit,reaction,0.1
M-n200-k17,M,199,2,1306,1275.0,2.4313725490196076,17,17,1429,12.07843137254902,2905,10.000806791998912,2.649772832985036,838,10.0,time_limit,reaction,0.1
M-n200-k17,M,199,3,1296,1275.0,1.6470588235294117,17,17,1370,7.450980392156863,2937,10.003834834031295,7.931368999998085,2363,10.0,time_limit,reaction,0.1
M-n200-k17,M,199,4,1298,1275.0,1.803921568627451,17,17,1397,9.568627450980392,3012,10.007665458018892,8.946956917003263,2710,10.0,time_limit,reaction,0.1
M-n200-k17,M,199,5,1300,1275.0,1.9607843137254901,17,17,1404,10.117647058823529,3181,10.001074208004866,6.397440833039582,2102,10.0,time_limit,reaction,0.1
P-n45-k5,P,44,1,510,510.0,0.0,5,5,556,9.019607843137255,18523,10.000075041956734,0.03324245900148526,45,10.0,time_limit,reaction,0.1
P-n45-k5,P,44,2,510,510.0,0.0,5,5,560,9.803921568627452,18525,10.001868209044915,0.10341100004734471,186,10.0,time_limit,reaction,0.1
P-n45-k5,P,44,3,510,510.0,0.0,5,5,561,10.0,18652,10.000034833035897,0.022609583043958992,29,10.0,time_limit,reaction,0.1
P-n45-k5,P,44,4,510,510.0,0.0,5,5,525,2.9411764705882355,18167,10.001022749987897,0.021645208005793393,43,10.0,time_limit,reaction,0.1
P-n45-k5,P,44,5,510,510.0,0.0,5,5,523,2.549019607843137,18360,10.000688457977958,0.0461337500018999,92,10.0,time_limit,reaction,0.1
P-n65-k10,P,64,1,792,792.0,0.0,10,10,840,6.0606060606060606,11005,10.001880374969915,3.228582290990744,3505,10.0,time_limit,reaction,0.1
P-n65-k10,P,64,2,792,792.0,0.0,10,10,837,5.681818181818182,11110,10.00012041599257,2.352940666023642,2564,10.0,time_limit,reaction,0.1
P-n65-k10,P,64,3,792,792.0,0.0,10,10,833,5.1767676767676765,11006,10.000086624990217,2.367626041988842,2655,10.0,time_limit,reaction,0.1
P-n65-k10,P,64,4,792,792.0,0.0,10,10,854,7.828282828282828,10839,10.000723749981262,3.4501065419754013,3729,10.0,time_limit,reaction,0.1
P-n65-k10,P,64,5,792,792.0,0.0,10,10,852,7.575757575757576,11337,10.00068941700738,3.2053365420433693,3690,10.0,time_limit,reaction,0.1
P-n101-k4,P,100,1,681,681.0,0.0,4,4,736,8.076358296622614,5587,10.004136750008911,5.161665416962933,2794,10.0,time_limit,reaction,0.1
P-n101-k4,P,100,2,681,681.0,0.0,4,4,706,3.671071953010279,5568,10.005008542037103,5.386680708033964,2935,10.0,time_limit,reaction,0.1
P-n101-k4,P,100,3,682,681.0,0.14684287812041116,4,4,698,2.4963289280469896,5447,10.005245292035397,8.238187000039034,4482,10.0,time_limit,reaction,0.1
P-n101-k4,P,100,4,681,681.0,0.0,4,4,717,5.286343612334802,5430,10.000803666946013,2.0331434999825433,1074,10.0,time_limit,reaction,0.1
P-n101-k4,P,100,5,681,681.0,0.0,4,4,735,7.929515418502203,5437,10.002964875020552,1.825682750029955,944,10.0,time_limit,reaction,0.1
E-n33-k4,E,32,1,835,835.0,0.0,4,4,868,3.9520958083832336,24978,10.000273708021268,0.02721104200463742,58,10.0,time_limit,reaction,0.6
E-n33-k4,E,32,2,835,835.0,0.0,4,4,895,7.18562874251497,24520,10.000063790997956,0.15657125000143424,376,10.0,time_limit,reaction,0.6
E-n33-k4,E,32,3,835,835.0,0.0,4,4,866,3.712574850299401,24983,10.000184584001545,0.07996608398389071,186,10.0,time_limit,reaction,0.6
E-n33-k4,E,32,4,835,835.0,0.0,4,4,856,2.5149700598802394,24375,10.00022883299971,0.011044415994547307,28,10.0,time_limit,reaction,0.6
E-n33-k4,E,32,5,835,835.0,0.0,4,4,867,3.8323353293413174,24581,10.000355582975317,0.013451875012833625,19,10.0,time_limit,reaction,0.6
E-n76-k8,E,75,1,736,735.0,0.1360544217687075,8,8,766,4.217687074829932,8152,10.000315875047818,2.2109178749960847,1843,10.0,time_limit,reaction,0.6
E-n76-k8,E,75,2,736,735.0,0.1360544217687075,8,8,805,9.523809523809524,8270,10.000311332987621,5.201337874983437,4386,10.0,time_limit,reaction,0.6
E-n76-k8,E,75,3,735,735.0,0.0,8,8,790,7.482993197278912,8062,10.000830666045658,9.309348791022785,7503,10.0,time_limit,reaction,0.6
E-n76-k8,E,75,4,736,735.0,0.1360544217687075,8,8,778,5.850340136054422,8111,10.000218958011828,3.4679096250329167,2985,10.0,time_limit,reaction,0.6
E-n76-k8,E,75,5,736,735.0,0.1360544217687075,8,8,789,7.346938775510204,8152,10.000141291995533,5.688474124995992,4816,10.0,time_limit,reaction,0.6
E-n101-k14,E,100,1,1077,1067.0,0.9372071227741331,14,14,1130,5.904404873477039,5103,10.000396250048652,8.488987917022314,4319,10.0,time_limit,reaction,0.6
E-n101-k14,E,100,2,1080,1067.0,1.218369259606373,14,14,1128,5.716963448922212,5114,10.001093957980629,7.307010625023395,3820,10.0,time_limit,reaction,0.6
E-n101-k14,E,100,3,1083,1067.0,1.499531396438613,14,14,1132,6.091846298031865,5252,10.002593541983515,3.2428841670043766,1827,10.0,time_limit,reaction,0.6
E-n101-k14,E,100,4,1078,1067.0,1.0309278350515463,14,14,1164,9.090909090909092,5324,10.004507625009865,7.0711838330025785,3847,10.0,time_limit,reaction,0.6
E-n101-k14,E,100,5,1073,1067.0,0.5623242736644799,14,14,1130,5.904404873477039,4816,10.000439499970526,5.48878783301916,2938,10.0,time_limit,reaction,0.6
F-n72-k4,F,71,1,237,237.0,0.0,4,4,250,5.485232067510548,8910,10.000324832974002,0.018542708014138043,15,10.0,time_limit,reaction,0.6
F-n72-k4,F,71,2,237,237.0,0.0,4,4,264,11.39240506329114,8773,10.000521250010934,0.20709083403926343,189,10.0,time_limit,reaction,0.6
F-n72-k4,F,71,3,237,237.0,0.0,4,4,264,11.39240506329114,8986,10.000797166023403,0.10681500000646338,111,10.0,time_limit,reaction,0.6
F-n72-k4,F,71,4,237,237.0,0.0,4,4,250,5.485232067510548,9207,10.004462042008527,0.7459120840067044,730,10.0,time_limit,reaction,0.6
F-n72-k4,F,71,5,237,237.0,0.0,4,4,253,6.751054852320675,8718,10.006104999978561,0.4037675840081647,349,10.0,time_limit,reaction,0.6
M-n121-k7,M,120,1,1036,1034.0,0.19342359767891681,7,7,1039,0.4835589941972921,3593,10.000404707971029,6.818678749958053,2513,10.0,time_limit,reaction,0.6
M-n121-k7,M,120,2,1035,1034.0,0.09671179883945841,7,7,1051,1.644100580270793,3406,10.000789167010225,6.58083562500542,2249,10.0,time_limit,reaction,0.6
M-n121-k7,M,120,3,1036,1034.0,0.19342359767891681,7,7,1049,1.4506769825918762,3572,10.00029837503098,4.6022730830009095,1691,10.0,time_limit,reaction,0.6
M-n121-k7,M,120,4,1036,1034.0,0.19342359767891681,7,7,1048,1.3539651837524178,3570,10.000394416041672,4.923548165999819,1830,10.0,time_limit,reaction,0.6
M-n121-k7,M,120,5,1036,1034.0,0.19342359767891681,7,7,1043,0.8704061895551257,3646,10.003395541978534,3.3274467089795507,1205,10.0,time_limit,reaction,0.6
M-n200-k17,M,199,1,1295,1275.0,1.5686274509803921,17,17,1410,10.588235294117647,2742,10.000008167000487,8.510614083032124,2362,10.0,time_limit,reaction,0.6
M-n200-k17,M,199,2,1303,1275.0,2.196078431372549,17,17,1429,12.07843137254902,2825,10.000822499976493,9.10761512501631,2583,10.0,time_limit,reaction,0.6
M-n200-k17,M,199,3,1302,1275.0,2.1176470588235294,17,17,1370,7.450980392156863,2765,10.00051295798039,9.992607458028942,2763,10.0,time_limit,reaction,0.6
M-n200-k17,M,199,4,1304,1275.0,2.2745098039215685,17,17,1397,9.568627450980392,2663,10.002813457977027,9.450960040965583,2522,10.0,time_limit,reaction,0.6
M-n200-k17,M,199,5,1293,1275.0,1.411764705882353,17,17,1404,10.117647058823529,2710,10.001908208010718,8.587738875008654,2352,10.0,time_limit,reaction,0.6
P-n45-k5,P,44,1,510,510.0,0.0,5,5,556,9.019607843137255,18400,10.000800582987722,0.021441749995574355,45,10.0,time_limit,reaction,0.6
P-n45-k5,P,44,2,510,510.0,0.0,5,5,560,9.803921568627452,18484,10.000477624998894,0.07649208296788856,157,10.0,time_limit,reaction,0.6
P-n45-k5,P,44,3,510,510.0,0.0,5,5,561,10.0,18462,10.000561916036531,0.02036283304914832,29,10.0,time_limit,reaction,0.6
P-n45-k5,P,44,4,510,510.0,0.0,5,5,525,2.9411764705882355,18350,10.000156958005391,0.030544125009328127,43,10.0,time_limit,reaction,0.6
P-n45-k5,P,44,5,510,510.0,0.0,5,5,523,2.549019607843137,18728,10.000783584022429,0.049120625015348196,92,10.0,time_limit,reaction,0.6
P-n65-k10,P,64,1,792,792.0,0.0,10,10,840,6.0606060606060606,10926,10.000910667004064,4.274146792013198,4653,10.0,time_limit,reaction,0.6
P-n65-k10,P,64,2,792,792.0,0.0,10,10,837,5.681818181818182,11447,10.000344957981724,3.1430736249894835,3616,10.0,time_limit,reaction,0.6
P-n65-k10,P,64,3,792,792.0,0.0,10,10,833,5.1767676767676765,10929,10.000438291986939,4.336381958972197,4663,10.0,time_limit,reaction,0.6
P-n65-k10,P,64,4,792,792.0,0.0,10,10,854,7.828282828282828,11096,10.000992916990072,2.5501545000006445,2787,10.0,time_limit,reaction,0.6
P-n65-k10,P,64,5,792,792.0,0.0,10,10,852,7.575757575757576,11237,10.000611666007899,2.825702750007622,3194,10.0,time_limit,reaction,0.6
P-n101-k4,P,100,1,681,681.0,0.0,4,4,736,8.076358296622614,5388,10.001119582972024,1.032668375002686,577,10.0,time_limit,reaction,0.6
P-n101-k4,P,100,2,681,681.0,0.0,4,4,706,3.671071953010279,5686,10.001843500009272,5.593399207980838,3008,10.0,time_limit,reaction,0.6
P-n101-k4,P,100,3,681,681.0,0.0,4,4,698,2.4963289280469896,5636,10.000412291032262,6.879013458034024,3687,10.0,time_limit,reaction,0.6
P-n101-k4,P,100,4,681,681.0,0.0,4,4,717,5.286343612334802,5575,10.001450832991395,2.9327501250081696,1611,10.0,time_limit,reaction,0.6
P-n101-k4,P,100,5,681,681.0,0.0,4,4,735,7.929515418502203,5619,10.00030599994352,4.353250082989689,2272,10.0,time_limit,reaction,0.6
E-n33-k4,E,32,1,835,835.0,0.0,4,4,868,3.9520958083832336,24638,10.000024000008125,0.021962957980576903,58,10.0,time_limit,reaction,1.0
E-n33-k4,E,32,2,835,835.0,0.0,4,4,895,7.18562874251497,25032,10.000051083043218,0.12871737504610792,270,10.0,time_limit,reaction,1.0
E-n33-k4,E,32,3,835,835.0,0.0,4,4,866,3.712574850299401,24632,10.000111540954094,0.051272832963149995,144,10.0,time_limit,reaction,1.0
E-n33-k4,E,32,4,835,835.0,0.0,4,4,856,2.5149700598802394,24721,10.00001041602809,0.010162416030652821,28,10.0,time_limit,reaction,1.0
E-n33-k4,E,32,5,835,835.0,0.0,4,4,867,3.8323353293413174,24322,10.000747541023884,0.011848833004478365,19,10.0,time_limit,reaction,1.0
E-n76-k8,E,75,1,736,735.0,0.1360544217687075,8,8,766,4.217687074829932,8128,10.000920166028664,5.381969208014198,4488,10.0,time_limit,reaction,1.0
E-n76-k8,E,75,2,735,735.0,0.0,8,8,805,9.523809523809524,8010,10.000093750015367,6.147458290972281,4991,10.0,time_limit,reaction,1.0
E-n76-k8,E,75,3,735,735.0,0.0,8,8,790,7.482993197278912,8137,10.00007079099305,8.939948957995512,7302,10.0,time_limit,reaction,1.0
E-n76-k8,E,75,4,736,735.0,0.1360544217687075,8,8,778,5.850340136054422,8480,10.002335249970201,6.348024207982235,5344,10.0,time_limit,reaction,1.0
E-n76-k8,E,75,5,736,735.0,0.1360544217687075,8,8,789,7.346938775510204,8004,10.00227829098003,3.386503999994602,2911,10.0,time_limit,reaction,1.0
E-n101-k14,E,100,1,1068,1067.0,0.09372071227741331,14,14,1130,5.904404873477039,4884,10.00026041700039,6.079737666994333,3093,10.0,time_limit,reaction,1.0
E-n101-k14,E,100,2,1078,1067.0,1.0309278350515463,14,14,1128,5.716963448922212,5102,10.000268124975264,7.528629374981392,3832,10.0,time_limit,reaction,1.0
E-n101-k14,E,100,3,1068,1067.0,0.09372071227741331,14,14,1132,6.091846298031865,5026,10.000092000002041,8.462353083014023,4230,10.0,time_limit,reaction,1.0
E-n101-k14,E,100,4,1073,1067.0,0.5623242736644799,14,14,1164,9.090909090909092,5101,10.003956999978982,6.069184582971502,3238,10.0,time_limit,reaction,1.0
E-n101-k14,E,100,5,1079,1067.0,1.1246485473289598,14,14,1130,5.904404873477039,4992,10.001616458990611,5.645237124990672,3065,10.0,time_limit,reaction,1.0
F-n72-k4,F,71,1,237,237.0,0.0,4,4,250,5.485232067510548,9216,10.000287292001303,0.014287333004176617,15,10.0,time_limit,reaction,1.0
F-n72-k4,F,71,2,237,237.0,0.0,4,4,264,11.39240506329114,8926,10.000961249985266,0.5390705000027083,500,10.0,time_limit,reaction,1.0
F-n72-k4,F,71,3,237,237.0,0.0,4,4,264,11.39240506329114,9241,10.004254375002347,0.11413970898138359,111,10.0,time_limit,reaction,1.0
F-n72-k4,F,71,4,237,237.0,0.0,4,4,250,5.485232067510548,8964,10.00155766599346,0.26460033300099894,266,10.0,time_limit,reaction,1.0
F-n72-k4,F,71,5,237,237.0,0.0,4,4,253,6.751054852320675,9003,10.000644750020001,0.43538016598904505,401,10.0,time_limit,reaction,1.0
M-n121-k7,M,120,1,1036,1034.0,0.19342359767891681,7,7,1039,0.4835589941972921,3495,10.003134583006613,6.241446291038301,2132,10.0,time_limit,reaction,1.0
M-n121-k7,M,120,2,1036,1034.0,0.19342359767891681,7,7,1051,1.644100580270793,3634,10.001491124974564,3.925096334016416,1496,10.0,time_limit,reaction,1.0
M-n121-k7,M,120,3,1036,1034.0,0.19342359767891681,7,7,1049,1.4506769825918762,3649,10.004273250000551,3.98324616701575,1520,10.0,time_limit,reaction,1.0
M-n121-k7,M,120,4,1036,1034.0,0.19342359767891681,7,7,1048,1.3539651837524178,3739,10.001042083022185,5.348185457987711,2077,10.0,time_limit,reaction,1.0
M-n121-k7,M,120,5,1036,1034.0,0.19342359767891681,7,7,1043,0.8704061895551257,3480,10.00021441699937,3.188359791995026,1215,10.0,time_limit,reaction,1.0
M-n200-k17,M,199,1,1318,1275.0,3.372549019607843,17,17,1410,10.588235294117647,2918,10.001949207973666,5.86234129202785,1743,10.0,time_limit,reaction,1.0
M-n200-k17,M,199,2,1305,1275.0,2.3529411764705883,17,17,1429,12.07843137254902,2656,10.000648749992251,9.26091345801251,2493,10.0,time_limit,reaction,1.0
M-n200-k17,M,199,3,1295,1275.0,1.5686274509803921,17,17,1370,7.450980392156863,2652,10.000354458985385,7.48483050003415,2080,10.0,time_limit,reaction,1.0
M-n200-k17,M,199,4,1306,1275.0,2.4313725490196076,17,17,1397,9.568627450980392,2778,10.000103541999124,8.984533125010785,2549,10.0,time_limit,reaction,1.0
M-n200-k17,M,199,5,1310,1275.0,2.7450980392156863,17,17,1404,10.117647058823529,2734,10.001132000004873,8.858289958036039,2526,10.0,time_limit,reaction,1.0
P-n45-k5,P,44,1,510,510.0,0.0,5,5,556,9.019607843137255,18514,10.000603791035246,0.02394979103701189,45,10.0,time_limit,reaction,1.0
P-n45-k5,P,44,2,510,510.0,0.0,5,5,560,9.803921568627452,19349,10.000347791996319,0.07717504200991243,157,10.0,time_limit,reaction,1.0
P-n45-k5,P,44,3,510,510.0,0.0,5,5,561,10.0,18988,10.001259834039956,0.022607124992646277,29,10.0,time_limit,reaction,1.0
P-n45-k5,P,44,4,510,510.0,0.0,5,5,525,2.9411764705882355,18686,10.001091708021704,0.021273458027280867,43,10.0,time_limit,reaction,1.0
P-n45-k5,P,44,5,510,510.0,0.0,5,5,523,2.549019607843137,19015,10.000033707998227,0.046457250020466745,92,10.0,time_limit,reaction,1.0
P-n65-k10,P,64,1,792,792.0,0.0,10,10,840,6.0606060606060606,10985,10.002046292007435,4.114584791997913,4408,10.0,time_limit,reaction,1.0
P-n65-k10,P,64,2,792,792.0,0.0,10,10,837,5.681818181818182,11038,10.000127082981635,3.168234415992629,3413,10.0,time_limit,reaction,1.0
P-n65-k10,P,64,3,792,792.0,0.0,10,10,833,5.1767676767676765,11133,10.001879874966107,3.3172949999570847,3654,10.0,time_limit,reaction,1.0
P-n65-k10,P,64,4,792,792.0,0.0,10,10,854,7.828282828282828,11010,10.000939167046454,3.0499437079997733,3303,10.0,time_limit,reaction,1.0
P-n65-k10,P,64,5,792,792.0,0.0,10,10,852,7.575757575757576,11018,10.00212154199835,2.5637162500061095,2792,10.0,time_limit,reaction,1.0
P-n101-k4,P,100,1,681,681.0,0.0,4,4,736,8.076358296622614,5614,10.002961040998343,4.187155416002497,2277,10.0,time_limit,reaction,1.0
P-n101-k4,P,100,2,681,681.0,0.0,4,4,706,3.671071953010279,5440,10.006999957957305,2.1048592919833027,1134,10.0,time_limit,reaction,1.0
P-n101-k4,P,100,3,681,681.0,0.0,4,4,698,2.4963289280469896,5478,10.000743208045606,3.2576630000257865,1696,10.0,time_limit,reaction,1.0
P-n101-k4,P,100,4,682,681.0,0.14684287812041116,4,4,717,5.286343612334802,5490,10.002400959027,1.0122750420123339,632,10.0,time_limit,reaction,1.0
P-n101-k4,P,100,5,682,681.0,0.14684287812041116,4,4,735,7.929515418502203,5365,10.001208333007526,5.902776625007391,3106,10.0,time_limit,reaction,1.0
E-n33-k4,E,32,1,835,835.0,0.0,4,4,868,3.9520958083832336,25268,10.000528417003807,0.016688792034983635,52,10.0,time_limit,blink,0.0
E-n33-k4,E,32,2,835,835.0,0.0,4,4,895,7.18562874251497,24462,10.000044582993723,0.18433395796455443,410,10.0,time_limit,blink,0.0
E-n33-k4,E,32,3,835,835.0,0.0,4,4,866,3.712574850299401,24683,10.0003332089982,0.13409358396893367,309,10.0,time_limit,blink,0.0
E-n33-k4,E,32,4,835,835.0,0.0,4,4,856,2.5149700598802394,25036,10.000919750018511,0.01887779199751094,55,10.0,time_limit,blink,0.0
E-n33-k4,E,32,5,835,835.0,0.0,4,4,867,3.8323353293413174,25115,10.000107874977402,0.08819795801537111,227,10.0,time_limit,blink,0.0
E-n76-k8,E,75,1,736,735.0,0.1360544217687075,8,8,766,4.217687074829932,8740,10.001525125000626,7.108587666996755,6224,10.0,time_limit,blink,0.0
E-n76-k8,E,75,2,736,735.0,0.1360544217687075,8,8,805,9.523809523809524,8764,10.000153083004989,6.54920895799296,5740,10.0,time_limit,blink,0.0
E-n76-k8,E,75,3,736,735.0,0.1360544217687075,8,8,790,7.482993197278912,8763,10.000872457982041,4.856937374977861,4314,10.0,time_limit,blink,0.0
E-n76-k8,E,75,4,736,735.0,0.1360544217687075,8,8,778,5.850340136054422,8810,10.000360249949154,4.633755707996897,4141,10.0,time_limit,blink,0.0
E-n76-k8,E,75,5,736,735.0,0.1360544217687075,8,8,789,7.346938775510204,8596,10.000991624954622,5.759622416982893,4951,10.0,time_limit,blink,0.0
E-n101-k14,E,100,1,1083,1067.0,1.499531396438613,14,14,1130,5.904404873477039,5649,10.000449708022643,7.010092040989548,3946,10.0,time_limit,blink,0.0
E-n101-k14,E,100,2,1081,1067.0,1.3120899718837864,14,14,1128,5.716963448922212,5681,10.00011533300858,9.57515616697492,5452,10.0,time_limit,blink,0.0
E-n101-k14,E,100,3,1068,1067.0,0.09372071227741331,14,14,1132,6.091846298031865,5435,10.000696040980984,8.49512949999189,4634,10.0,time_limit,blink,0.0
E-n101-k14,E,100,4,1081,1067.0,1.3120899718837864,14,14,1164,9.090909090909092,5461,10.001406666997354,7.63687587500317,4191,10.0,time_limit,blink,0.0
E-n101-k14,E,100,5,1067,1067.0,0.0,14,14,1130,5.904404873477039,5587,10.008130750036798,6.392802875023335,3647,10.0,time_limit,blink,0.0
F-n72-k4,F,71,1,237,237.0,0.0,4,4,250,5.485232067510548,9552,10.000009917013813,0.08012916700681672,96,10.0,time_limit,blink,0.0
F-n72-k4,F,71,2,237,237.0,0.0,4,4,264,11.39240506329114,9644,10.000041291990783,0.1501952499966137,146,10.0,time_limit,blink,0.0
F-n72-k4,F,71,3,237,237.0,0.0,4,4,264,11.39240506329114,9774,10.001768791989889,0.1890482499729842,178,10.0,time_limit,blink,0.0
F-n72-k4,F,71,4,237,237.0,0.0,4,4,250,5.485232067510548,9671,10.000537874992006,0.9178076249663718,911,10.0,time_limit,blink,0.0
F-n72-k4,F,71,5,237,237.0,0.0,4,4,253,6.751054852320675,9705,10.0005852500326,0.29393266601255164,291,10.0,time_limit,blink,0.0
M-n121-k7,M,120,1,1035,1034.0,0.09671179883945841,7,7,1039,0.4835589941972921,4110,10.000905374996364,7.624827958003152,3200,10.0,time_limit,blink,0.0
M-n121-k7,M,120,2,1035,1034.0,0.09671179883945841,7,7,1051,1.644100580270793,3892,10.00837037502788,2.732283708988689,1082,10.0,time_limit,blink,0.0
M-n121-k7,M,120,3,1036,1034.0,0.19342359767891681,7,7,1049,1.4506769825918762,3946,10.002303667017259,5.7697065839893185,2365,10.0,time_limit,blink,0.0
M-n121-k7,M,120,4,1036,1034.0,0.19342359767891681,7,7,1048,1.3539651837524178,4067,10.000670499983244,3.6164127080119215,1459,10.0,time_limit,blink,0.0
M-n121-k7,M,120,5,1036,1034.0,0.19342359767891681,7,7,1043,0.8704061895551257,3775,10.004519750014879,5.912452000018675,2267,10.0,time_limit,blink,0.0
M-n200-k17,M,199,1,1303,1275.0,2.196078431372549,17,17,1410,10.588235294117647,3010,10.002179459028412,9.29907574999379,2841,10.0,time_limit,blink,0.0
M-n200-k17,M,199,2,1285,1275.0,0.7843137254901961,17,17,1429,12.07843137254902,2909,10.004202624957543,7.102376916969661,2143,10.0,time_limit,blink,0.0
M-n200-k17,M,199,3,1305,1275.0,2.3529411764705883,17,17,1370,7.450980392156863,3019,10.000593541015405,4.4850736249936745,1443,10.0,time_limit,blink,0.0
M-n200-k17,M,199,4,1293,1275.0,1.411764705882353,17,17,1397,9.568627450980392,3021,10.00304820900783,7.299659750016872,2266,10.0,time_limit,blink,0.0
M-n200-k17,M,199,5,1303,1275.0,2.196078431372549,17,17,1404,10.117647058823529,2996,10.002234540996142,5.657813082973007,1769,10.0,time_limit,blink,0.0
P-n45-k5,P,44,1,510,510.0,0.0,5,5,556,9.019607843137255,19533,10.000277957995422,0.18830108299152926,297,10.0,time_limit,blink,0.0
P-n45-k5,P,44,2,510,510.0,0.0,5,5,560,9.803921568627452,19314,10.000414624984842,0.01683941698865965,17,10.0,time_limit,blink,0.0
P-n45-k5,P,44,3,510,510.0,0.0,5,5,561,10.0,19424,10.000377250020392,0.041357125039212406,61,10.0,time_limit,blink,0.0
P-n45-k5,P,44,4,510,510.0,0.0,5,5,525,2.9411764705882355,19478,10.000136792019475,0.02896037499886006,35,10.0,time_limit,blink,0.0
P-n45-k5,P,44,5,510,510.0,0.0,5,5,523,2.549019607843137,19460,10.000227667042054,0.22889437503181398,412,10.0,time_limit,blink,0.0
P-n65-k10,P,64,1,792,792.0,0.0,10,10,840,6.0606060606060606,11624,10.001265375001822,1.6968535840278491,1897,10.0,time_limit,blink,0.0
P-n65-k10,P,64,2,792,792.0,0.0,10,10,837,5.681818181818182,11482,10.000170666957274,3.3078897499945015,3645,10.0,time_limit,blink,0.0
P-n65-k10,P,64,3,792,792.0,0.0,10,10,833,5.1767676767676765,11549,10.00015874998644,3.0541876659845,3465,10.0,time_limit,blink,0.0
P-n65-k10,P,64,4,792,792.0,0.0,10,10,854,7.828282828282828,11441,10.00038687500637,3.370236417045817,3885,10.0,time_limit,blink,0.0
P-n65-k10,P,64,5,792,792.0,0.0,10,10,852,7.575757575757576,11509,10.000417416973505,3.6832991669652984,4224,10.0,time_limit,blink,0.0
P-n101-k4,P,100,1,681,681.0,0.0,4,4,736,8.076358296622614,5895,10.000121207966004,4.22558437497355,2435,10.0,time_limit,blink,0.0
P-n101-k4,P,100,2,681,681.0,0.0,4,4,706,3.671071953010279,5887,10.000911082956009,1.6217242499697022,913,10.0,time_limit,blink,0.0
P-n101-k4,P,100,3,681,681.0,0.0,4,4,698,2.4963289280469896,5928,10.005058792012278,2.5283315000124276,1468,10.0,time_limit,blink,0.0
P-n101-k4,P,100,4,681,681.0,0.0,4,4,717,5.286343612334802,5856,10.000381666002795,9.97960870800307,5841,10.0,time_limit,blink,0.0
P-n101-k4,P,100,5,682,681.0,0.14684287812041116,4,4,735,7.929515418502203,5864,10.006246332952287,1.090825249964837,613,10.0,time_limit,blink,0.0
E-n33-k4,E,32,1,835,835.0,0.0,4,4,868,3.9520958083832336,24457,10.000107750005554,0.015897875011432916,35,10.0,time_limit,blink,0.03
E-n33-k4,E,32,2,835,835.0,0.0,4,4,895,7.18562874251497,24246,10.00006845803,0.004698917036876082,14,10.0,time_limit,blink,0.03
E-n33-k4,E,32,3,835,835.0,0.0,4,4,866,3.712574850299401,23969,10.000154209032189,0.07985949999419972,186,10.0,time_limit,blink,0.03
E-n33-k4,E,32,4,835,835.0,0.0,4,4,856,2.5149700598802394,24732,10.000010124989785,0.021370125003159046,55,10.0,time_limit,blink,0.03
E-n33-k4,E,32,5,835,835.0,0.0,4,4,867,3.8323353293413174,24868,10.000021082989406,0.03672895801719278,83,10.0,time_limit,blink,0.03
E-n76-k8,E,75,1,736,735.0,0.1360544217687075,8,8,766,4.217687074829932,8418,10.000409332977142,4.947694708011113,4147,10.0,time_limit,blink,0.03
E-n76-k8,E,75,2,735,735.0,0.0,8,8,805,9.523809523809524,8253,10.003455707977992,9.362787874997593,7774,10.0,time_limit,blink,0.03
E-n76-k8,E,75,3,735,735.0,0.0,8,8,790,7.482993197278912,8267,10.00024999998277,5.970607124967501,4986,10.0,time_limit,blink,0.03
E-n76-k8,E,75,4,736,735.0,0.1360544217687075,8,8,778,5.850340136054422,8230,10.000280666048639,7.017874833021779,5779,10.0,time_limit,blink,0.03
E-n76-k8,E,75,5,737,735.0,0.272108843537415,8,8,789,7.346938775510204,8167,10.000786042015534,3.2172807499882765,2542,10.0,time_limit,blink,0.03
E-n101-k14,E,100,1,1067,1067.0,0.0,14,14,1130,5.904404873477039,5276,10.000005416979548,6.294793916982599,3364,10.0,time_limit,blink,0.03
E-n101-k14,E,100,2,1080,1067.0,1.218369259606373,14,14,1128,5.716963448922212,5197,10.001761541992892,8.35277179197874,4333,10.0,time_limit,blink,0.03
E-n101-k14,E,100,3,1078,1067.0,1.0309278350515463,14,14,1132,6.091846298031865,5347,10.000921875005588,5.9063262499985285,3174,10.0,time_limit,blink,0.03
E-n101-k14,E,100,4,1079,1067.0,1.1246485473289598,14,14,1164,9.090909090909092,5054,10.003184583038092,8.466424416052178,4303,10.0,time_limit,blink,0.03
E-n101-k14,E,100,5,1085,1067.0,1.6869728209934396,14,14,1130,5.904404873477039,4944,10.000534042017534,4.152848249999806,2137,10.0,time_limit,blink,0.03
F-n72-k4,F,71,1,237,237.0,0.0,4,4,250,5.485232067510548,8771,10.004247917036992,0.026682958006858826,21,10.0,time_limit,blink,0.03
F-n72-k4,F,71,2,237,237.0,0.0,4,4,264,11.39240506329114,8985,10.003050624975003,0.07779091701377183,71,10.0,time_limit,blink,0.03
F-n72-k4,F,71,3,237,237.0,0.0,4,4,264,11.39240506329114,9276,10.000355749973096,0.10366408398840576,94,10.0,time_limit,blink,0.03
F-n72-k4,F,71,4,237,237.0,0.0,4,4,250,5.485232067510548,9086,10.00081058300566,0.0515387500054203,57,10.0,time_limit,blink,0.03
F-n72-k4,F,71,5,237,237.0,0.0,4,4,253,6.751054852320675,9097,10.000332625000738,0.09331791696604341,73,10.0,time_limit,blink,0.03
M-n121-k7,M,120,1,1036,1034.0,0.19342359767891681,7,7,1039,0.4835589941972921,3747,10.008438999997452,2.5526343749952503,1040,10.0,time_limit,blink,0.03
M-n121-k7,M,120,2,1035,1034.0,0.09671179883945841,7,7,1051,1.644100580270793,3805,10.000565249996725,4.873678042029496,1855,10.0,time_limit,blink,0.03
M-n121-k7,M,120,3,1036,1034.0,0.19342359767891681,7,7,1049,1.4506769825918762,3854,10.000898250029422,5.992854083015118,2290,10.0,time_limit,blink,0.03
M-n121-k7,M,120,4,1037,1034.0,0.2901353965183752,7,7,1048,1.3539651837524178,3690,10.001936667016707,3.280318917008117,1289,10.0,time_limit,blink,0.03
M-n121-k7,M,120,5,1036,1034.0,0.19342359767891681,7,7,1043,0.8704061895551257,3723,10.00005291699199,6.628435917024035,2487,10.0,time_limit,blink,0.03
M-n200-k17,M,199,1,1299,1275.0,1.8823529411764706,17,17,1410,10.588235294117647,2659,10.014960333006456,9.508064625028055,2530,10.0,time_limit,blink,0.03
M-n200-k17,M,199,2,1290,1275.0,1.1764705882352942,17,17,1429,12.07843137254902,2821,10.003743415989447,9.37351729098009,2639,10.0,time_limit,blink,0.03
M-n200-k17,M,199,3,1305,1275.0,2.3529411764705883,17,17,1370,7.450980392156863,2781,10.002224124968052,7.601688290946186,2206,10.0,time_limit,blink,0.03
M-n200-k17,M,199,4,1298,1275.0,1.803921568627451,17,17,1397,9.568627450980392,2761,10.00621024996508,7.575257041957229,2194,10.0,time_limit,blink,0.03
M-n200-k17,M,199,5,1301,1275.0,2.0392156862745097,17,17,1404,10.117647058823529,2925,10.006825333985034,7.0815156669705175,2096,10.0,time_limit,blink,0.03
P-n45-k5,P,44,1,510,510.0,0.0,5,5,556,9.019607843137255,18995,10.000502458016854,0.0546801250311546,99,10.0,time_limit,blink,0.03
P-n45-k5,P,44,2,510,510.0,0.0,5,5,560,9.803921568627452,18670,10.000653165974654,0.2128149580094032,325,10.0,time_limit,blink,0.03
P-n45-k5,P,44,3,510,510.0,0.0,5,5,561,10.0,18843,10.00075516704237,0.04156666703056544,68,10.0,time_limit,blink,0.03
P-n45-k5,P,44,4,510,510.0,0.0,5,5,525,2.9411764705882355,18481,10.001000875025056,0.05332316702697426,107,10.0,time_limit,blink,0.03
P-n45-k5,P,44,5,510,510.0,0.0,5,5,523,2.549019607843137,18230,10.000628000008874,0.11816241597989574,211,10.0,time_limit,blink,0.03
P-n65-k10,P,64,1,792,792.0,0.0,10,10,840,6.0606060606060606,10989,10.000193042040337,1.890943292004522,1969,10.0,time_limit,blink,0.03
P-n65-k10,P,64,2,792,792.0,0.0,10,10,837,5.681818181818182,11053,10.000790584017523,1.8302429590257816,1927,10.0,time_limit,blink,0.03
P-n65-k10,P,64,3,792,792.0,0.0,10,10,833,5.1767676767676765,10983,10.000077250006143,2.7961451250012033,2924,10.0,time_limit,blink,0.03
P-n65-k10,P,64,4,792,792.0,0.0,10,10,854,7.828282828282828,10826,10.000676791009028,3.488360040995758,3601,10.0,time_limit,blink,0.03
P-n65-k10,P,64,5,792,792.0,0.0,10,10,852,7.575757575757576,11080,10.000330749957357,3.381776374997571,3739,10.0,time_limit,blink,0.03
P-n101-k4,P,100,1,681,681.0,0.0,4,4,736,8.076358296622614,5623,10.007488666975405,3.9929317079950124,2294,10.0,time_limit,blink,0.03
P-n101-k4,P,100,2,681,681.0,0.0,4,4,706,3.671071953010279,5451,10.001492874987889,2.113291167013813,1105,10.0,time_limit,blink,0.03
P-n101-k4,P,100,3,681,681.0,0.0,4,4,698,2.4963289280469896,5607,10.000785332988016,6.416066457983106,3511,10.0,time_limit,blink,0.03
P-n101-k4,P,100,4,681,681.0,0.0,4,4,717,5.286343612334802,5504,10.0001835830044,3.8540249580400996,2027,10.0,time_limit,blink,0.03
P-n101-k4,P,100,5,681,681.0,0.0,4,4,735,7.929515418502203,5609,10.00212833302794,4.587019667029381,2517,10.0,time_limit,blink,0.03
E-n33-k4,E,32,1,835,835.0,0.0,4,4,868,3.9520958083832336,23921,10.001032750005834,0.15013337502023205,331,10.0,time_limit,blink,0.1
E-n33-k4,E,32,2,835,835.0,0.0,4,4,895,7.18562874251497,24074,10.00001766596688,0.006817249988671392,22,10.0,time_limit,blink,0.1
E-n33-k4,E,32,3,835,835.0,0.0,4,4,866,3.712574850299401,24655,10.000403833983,0.038044874963816255,94,10.0,time_limit,blink,0.1
E-n33-k4,E,32,4,835,835.0,0.0,4,4,856,2.5149700598802394,23781,10.000217082968447,0.039714874990750104,68,10.0,time_limit,blink,0.1
E-n33-k4,E,32,5,835,835.0,0.0,4,4,867,3.8323353293413174,23995,10.000201957998797,0.03287866699974984,79,10.0,time_limit,blink,0.1
E-n76-k8,E,75,1,736,735.0,0.1360544217687075,8,8,766,4.217687074829932,8173,10.002019791980274,2.846844499988947,2380,10.0,time_limit,blink,0.1
E-n76-k8,E,75,2,735,735.0,0.0,8,8,805,9.523809523809524,8200,10.000016165955458,9.870861457951833,8129,10.0,time_limit,blink,0.1
E-n76-k8,E,75,3,736,735.0,0.1360544217687075,8,8,790,7.482993197278912,8249,10.002243499970064,7.045563040999696,5775,10.0,time_limit,blink,0.1
E-n76-k8,E,75,4,736,735.0,0.1360544217687075,8,8,778,5.850340136054422,8146,10.000645791005809,6.455650957999751,5289,10.0,time_limit,blink,0.1
E-n76-k8,E,75,5,736,735.0,0.1360544217687075,8,8,789,7.346938775510204,8012,10.000379790959414,5.3866946249618195,4439,10.0,time_limit,blink,0.1
E-n101-k14,E,100,1,1078,1067.0,1.0309278350515463,14,14,1130,5.904404873477039,5357,10.000111499975901,6.760214957990684,3690,10.0,time_limit,blink,0.1
E-n101-k14,E,100,2,1071,1067.0,0.37488284910965325,14,14,1128,5.716963448922212,5405,10.000637249962892,8.476382875000127,4576,10.0,time_limit,blink,0.1
E-n101-k14,E,100,3,1067,1067.0,0.0,14,14,1132,6.091846298031865,5113,10.003709875047207,5.1206290000118315,2800,10.0,time_limit,blink,0.1
E-n101-k14,E,100,4,1071,1067.0,0.37488284910965325,14,14,1164,9.090909090909092,5250,10.000731458014343,8.861154415993951,4619,10.0,time_limit,blink,0.1
E-n101-k14,E,100,5,1083,1067.0,1.499531396438613,14,14,1130,5.904404873477039,5130,10.001235125004314,6.8587387089501135,3491,10.0,time_limit,blink,0.1
F-n72-k4,F,71,1,237,237.0,0.0,4,4,250,5.485232067510548,9304,10.00085270794807,0.32158758299192414,291,10.0,time_limit,blink,0.1
F-n72-k4,F,71,2,237,237.0,0.0,4,4,264,11.39240506329114,9172,10.000404999998864,0.09386504197027534,70,10.0,time_limit,blink,0.1
F-n72-k4,F,71,3,237,237.0,0.0,4,4,264,11.39240506329114,9302,10.002891167008784,0.13556433405028656,117,10.0,time_limit,blink,0.1
F-n72-k4,F,71,4,237,237.0,0.0,4,4,250,5.485232067510548,8977,10.007134874991607,0.3680661669932306,366,10.0,time_limit,blink,0.1
F-n72-k4,F,71,5,237,237.0,0.0,4,4,253,6.751054852320675,9507,10.003002417040989,0.42983329202979803,376,10.0,time_limit,blink,0.1
M-n121-k7,M,120,1,1035,1034.0,0.09671179883945841,7,7,1039,0.4835589941972921,3674,10.001034915971104,8.1763781249756,3028,10.0,time_limit,blink,0.1
M-n121-k7,M,120,2,1036,1034.0,0.19342359767891681,7,7,1051,1.644100580270793,3882,10.003531666996423,3.7779978750040755,1535,10.0,time_limit,blink,0.1
M-n121-k7,M,120,3,1037,1034.0,0.2901353965183752,7,7,1049,1.4506769825918762,3830,10.009735792002175,2.8046414170530625,1126,10.0,time_limit,blink,0.1
M-n121-k7,M,120,4,1036,1034.0,0.19342359767891681,7,7,1048,1.3539651837524178,3807,10.001946458010934,4.019167208054569,1609,10.0,time_limit,blink,0.1
M-n121-k7,M,120,5,1036,1034.0,0.19342359767891681,7,7,1043,0.8704061895551257,3760,10.003560208017007,3.4012358330073766,1292,10.0,time_limit,blink,0.1
M-n200-k17,M,199,1,1305,1275.0,2.3529411764705883,17,17,1410,10.588235294117647,2817,10.000436457979959,6.676680666976608,1960,10.0,time_limit,blink,0.1
M-n200-k17,M,199,2,1307,1275.0,2.5098039215686274,17,17,1429,12.07843137254902,2727,10.00073725002585,8.657999166985974,2383,10.0,time_limit,blink,0.1
M-n200-k17,M,199,3,1295,1275.0,1.5686274509803921,17,17,1370,7.450980392156863,2935,10.010550458042417,8.867261833045632,2662,10.0,time_limit,blink,0.1
M-n200-k17,M,199,4,1299,1275.0,1.8823529411764706,17,17,1397,9.568627450980392,2745,10.00000712502515,7.050818791030906,2068,10.0,time_limit,blink,0.1
M-n200-k17,M,199,5,1302,1275.0,2.1176470588235294,17,17,1404,10.117647058823529,2928,10.001550291955937,7.147783249965869,2144,10.0,time_limit,blink,0.1
P-n45-k5,P,44,1,510,510.0,0.0,5,5,556,9.019607843137255,18409,10.00027937500272,0.24982274998910725,490,10.0,time_limit,blink,0.1
P-n45-k5,P,44,2,510,510.0,0.0,5,5,560,9.803921568627452,17845,10.000227708020248,0.05075308302184567,81,10.0,time_limit,blink,0.1
P-n45-k5,P,44,3,510,510.0,0.0,5,5,561,10.0,18175,10.000818541971967,0.017042166960891336,23,10.0,time_limit,blink,0.1
P-n45-k5,P,44,4,510,510.0,0.0,5,5,525,2.9411764705882355,18272,10.000080916972365,0.08679016696987674,160,10.0,time_limit,blink,0.1
P-n45-k5,P,44,5,510,510.0,0.0,5,5,523,2.549019607843137,18126,10.000718707975466,0.04324362496845424,76,10.0,time_limit,blink,0.1
P-n65-k10,P,64,1,792,792.0,0.0,10,10,840,6.0606060606060606,10546,10.001216333010234,3.9554505000123754,4038,10.0,time_limit,blink,0.1
P-n65-k10,P,64,2,792,792.0,0.0,10,10,837,5.681818181818182,10888,10.00122412503697,4.963804542028811,5280,10.0,time_limit,blink,0.1
P-n65-k10,P,64,3,792,792.0,0.0,10,10,833,5.1767676767676765,10451,10.000282207969576,2.9047081249882467,2842,10.0,time_limit,blink,0.1
P-n65-k10,P,64,4,792,792.0,0.0,10,10,854,7.828282828282828,10843,10.0000667910208,2.604236665996723,2535,10.0,time_limit,blink,0.1
P-n65-k10,P,64,5,792,792.0,0.0,10,10,852,7.575757575757576,10865,10.000068916997407,3.0237026669783518,3125,10.0,time_limit,blink,0.1
P-n101-k4,P,100,1,681,681.0,0.0,4,4,736,8.076358296622614,5218,10.00321058294503,2.0319370409706607,1029,10.0,time_limit,blink,0.1
P-n101-k4,P,100,2,681,681.0,0.0,4,4,706,3.671071953010279,5465,10.003838250006083,0.806150832970161,368,10.0,time_limit,blink,0.1
P-n101-k4,P,100,3,681,681.0,0.0,4,4,698,2.4963289280469896,5395,10.00097741704667,4.097799000039231,2154,10.0,time_limit,blink,0.1
P-n101-k4,P,100,4,681,681.0,0.0,4,4,717,5.286343612334802,5140,10.004784749995451,3.024944124976173,1369,10.0,time_limit,blink,0.1
P-n101-k4,P,100,5,681,681.0,0.0,4,4,735,7.929515418502203,5399,10.00325954100117,2.8535835000220686,1400,10.0,time_limit,blink,0.1
